customer_id,customer_name,email,city,country,join_date
1,Tony Potts,nnelson@example.org,Lake Dawn,Lebanon,1971-11-28
2,Mark Ward,chambersrobert@example.net,Johnhaven,Israel,1973-12-22
3,Diana Sharp,annsmith@example.com,Port Rebecca,Bangladesh,2019-10-05
4,Samuel Barrera,abigail45@example.net,East Belindabury,Saudi Arabia,1981-01-02
5,Mary Alvarez,marialeonard@example.com,Goodwinport,Benin,2009-01-13
6,Mark Foster,emily63@example.com,Robinfort,South Georgia and the South Sandwich Islands,1999-04-17
7,Connie Green,tyler32@example.net,North Robertland,Gibraltar,1976-11-08
8,James Brown,kempaustin@example.org,Judyfurt,Lao People's Democratic Republic,1985-07-23
9,William Walton,masonaudrey@example.org,Haynesmouth,Tonga,2018-05-03
10,Gerald Weber,pacesean@example.com,Jonesbury,Tunisia,2023-10-17
11,Andrea Owens,paynehaley@example.org,New Brenda,Nicaragua,2004-12-12
12,Daniel Arnold,scotttimothy@example.net,Andersonborough,Norway,2012-11-13
13,Zachary Mitchell,mitchelldavid@example.com,Longburgh,Montserrat,2002-10-17
14,John West,smithrichard@example.net,Matthewland,Indonesia,1983-02-26
15,Randy Valenzuela,williamsalex@example.net,North Kathleen,Fiji,1986-08-01
16,Megan Schwartz,timothy50@example.org,New Amanda,Bermuda,1987-01-02
17,Theresa Johnson,robbinsdeanna@example.net,Tristantown,Korea,2024-11-12
18,Jamie Davis,emily82@example.net,Chapmanburgh,Andorra,2014-07-01
19,Frank Ross,tiffany88@example.com,New Caroline,Benin,1972-07-14
20,Jack Kerr,johnstonbrandy@example.org,Wagnerton,Guinea,2015-09-01
21,Andrew Hamilton,martinezdavid@example.net,Thompsonville,Paraguay,1992-03-31
22,Adam Lewis,kruegerlisa@example.net,Hodgesport,Hong Kong,1992-01-04
23,Andrea Phillips,stevensanford@example.org,Merrittside,Jersey,1992-11-14
24,Karen Delacruz,wcrawford@example.com,Josephmouth,United States of America,1970-01-02
25,Aaron Hubbard,blopez@example.org,New Dawnville,Venezuela,1989-12-01
26,Mrs. Bianca Yoder,katherine49@example.org,New Crystal,United States of America,2011-03-30
27,Jose Johnson DVM,cclark@example.org,South Amymouth,United States Minor Outlying Islands,1989-12-02
28,Ricky James,priscillapatterson@example.net,East Ruthborough,Holy See (Vatican City State),1976-05-05
29,Mark Miller,sandersnicole@example.org,Krystalbury,Mozambique,1981-11-26
30,Brent Mcgee,gina73@example.net,Johnsonmouth,Venezuela,2025-11-23
31,Tony Mcknight,williamsjames@example.net,East Michelleborough,British Virgin Islands,2012-06-20
32,Richard Montgomery,oblanchard@example.com,Brewerfurt,Isle of Man,2004-01-25
33,Tiffany Taylor,nhensley@example.org,Lake Jonathan,Taiwan,2017-05-30
34,Lauren Joseph,adamnunez@example.com,Jonathanville,Wallis and Futuna,2007-04-15
35,Randy Paul,esmith@example.com,Port Tammyville,Pakistan,1992-09-27
36,Tracie Peters,mason45@example.org,Lake Natashaborough,Hungary,1975-03-10
37,Logan Gonzalez,dwood@example.com,Solomonchester,Hong Kong,1991-12-08
38,Benjamin Martinez,kylie56@example.net,New Kevin,Saint Kitts and Nevis,1978-12-22
39,Brandon Miller,dyerashley@example.com,Port Cheryl,Mauritania,1999-09-29
40,David Evans,ashleyrachel@example.com,New Alexisborough,Liberia,2020-03-05
41,Todd Mckenzie,carlsondaniel@example.net,Leahchester,British Indian Ocean Territory (Chagos Archipelago),1982-05-21
42,Javier Clark,tracy75@example.net,New Amanda,Uruguay,1983-09-23
43,Karina Gilbert,crystal25@example.com,New Marc,Kenya,1996-08-18
44,Ronald Baker,andreacunningham@example.com,Ricehaven,Pitcairn Islands,1971-05-19
45,Riley Kelly,sarah11@example.net,Jaclynfort,Austria,2024-08-18
46,Tara Campbell,olivia78@example.org,Andersonfurt,Marshall Islands,2003-12-07
47,Anita Gibbs,rebecca23@example.com,East Joshuafort,Ethiopia,1989-08-29
48,Alejandra Gray,catherine04@example.com,North Briannaland,Bulgaria,2002-01-23
49,Mr. Todd Powell,anthony66@example.com,Greenton,Japan,2025-09-25
50,James Stewart,larrygrimes@example.com,Port Billy,Liechtenstein,1999-04-08
51,Stephen Chavez Jr.,darius63@example.com,Mckinneytown,Guadeloupe,1982-11-24
52,Brandy Baker,franciscodeleon@example.org,East Ann,Pitcairn Islands,1985-04-11
53,Matthew Pittman,jasminesmith@example.org,West Amanda,Svalbard & Jan Mayen Islands,1988-09-28
54,Micheal Reed,crystal13@example.net,Fergusonborough,Mayotte,2005-11-10
55,Brent Robinson,elizabeth45@example.org,Kellyhaven,Ethiopia,2021-09-18
56,Vickie Bradley,jill48@example.com,West Derekberg,Cote d'Ivoire,2016-10-24
57,Sarah Rhodes,donna11@example.com,Harrisborough,Martinique,2013-08-14
58,Mrs. Kathleen Martin,shanespencer@example.org,East Karentown,Kuwait,2021-05-27
59,Christina Fleming,racheljackson@example.org,Port Amandamouth,Saint Kitts and Nevis,2006-10-25
60,Shaun Adams,jamesfranklin@example.org,Port Chris,Puerto Rico,2007-11-02
61,Kimberly Thomas,leon48@example.com,Lopezborough,Saint Lucia,1970-06-08
62,Kevin Smith,batesmichelle@example.org,West Megan,Denmark,1989-09-20
63,Nicholas Lewis,sara61@example.com,Davidland,Antarctica (the territory South of 60 deg S),2009-02-09
64,Kathryn Smith,kayla03@example.net,East Jessica,Burundi,2016-01-01
65,Kent Vega,elizabethmorrow@example.org,Cassandramouth,Suriname,1992-01-30
66,Adam Moore,ofloyd@example.org,West Rachel,Denmark,1994-03-18
67,Penny Perry,darrellcook@example.net,Ewingland,French Polynesia,2002-01-06
68,Ronald Woods,jasonjones@example.org,Brooksside,El Salvador,1973-12-25
69,Dustin Torres,meadowsmarilyn@example.org,Lake Alexisbury,Ecuador,1992-08-30
70,Makayla Pratt,fletchernatalie@example.net,Williamshaven,Papua New Guinea,2013-05-05
71,Valerie Perez,ecase@example.net,Michaelland,Timor-Leste,1996-08-12
72,Alex Harris,sarah08@example.org,Christinaton,British Indian Ocean Territory (Chagos Archipelago),1976-06-10
73,Courtney Martinez,tabitha49@example.net,Danielborough,Uruguay,2023-12-21
74,Luke Ramirez,oharrison@example.net,West Leah,Falkland Islands (Malvinas),1993-04-29
75,Lisa Hernandez,juanbarker@example.com,Jasonview,Yemen,2011-04-27
76,Brandon Hernandez,vbrooks@example.com,Jasonville,Czech Republic,1972-04-24
77,James Barnes,washingtondenise@example.com,Bradshawton,New Zealand,2003-08-04
78,Ruth Armstrong,lcortez@example.com,Lake Susan,Korea,1988-08-14
79,Emily Peterson,melissasmith@example.net,Frankstad,Australia,2025-05-06
80,Angela Castro,wilcoxpeter@example.net,West Courtney,Lithuania,1986-10-09
81,William Sanchez,johnortega@example.net,Morrisberg,Armenia,2013-08-12
82,Stephanie Roberts,djohnson@example.net,Amandabury,Brazil,1989-10-19
83,Traci Greene MD,ftrevino@example.net,Rileyton,Mauritius,2004-07-17
84,Jessica Dominguez,sburton@example.net,Brendaburgh,Japan,2005-05-29
85,Jamie Martin,patricia85@example.org,Lake Annville,Holy See (Vatican City State),1988-11-12
86,Dana Delacruz,bowencody@example.org,Dylanfurt,Dominica,2020-07-11
87,Aaron Ferguson,kfranklin@example.com,Mahoneyfort,Uruguay,1995-03-13
88,James Snow,anthonyholloway@example.org,New Tammy,Niger,1994-10-21
89,Stacey Roberts,raymondcollier@example.net,West Robert,Saint Pierre and Miquelon,1975-07-24
90,Toni Johnson,kmeadows@example.org,Johnfort,Benin,2020-07-29
91,Barbara Thompson,hillsara@example.com,Port Ashleyborough,Libyan Arab Jamahiriya,1987-05-16
92,Kerri Hawkins,tkelly@example.org,Kristinbury,Turks and Caicos Islands,1980-08-08
93,Rachael Dickson,leonardamanda@example.org,Georgefurt,Nigeria,2011-02-25
94,Donna Zimmerman,guzmanjessica@example.net,Hernandezview,Congo,2021-07-28
95,Brett Gonzales,raymondsantos@example.org,Lake Donnashire,Monaco,2010-06-25
96,Tammie Miller,xjacobs@example.net,Elijahville,Sierra Leone,1974-06-29
97,Mark Gibson,millersheri@example.net,Lake Seanburgh,Hong Kong,2018-07-06
98,Donna Wallace,cathy33@example.net,East Sarah,Armenia,1971-04-28
99,Christian Bonilla,victoria15@example.net,Martintown,Guyana,1996-10-17
100,Samantha Collins,ekelley@example.org,Gailborough,Pakistan,1995-02-10
101,Diane Casey,kevinthompson@example.net,Lake Kevinstad,Cote d'Ivoire,1991-08-27
102,Stuart Brooks,lgarcia@example.net,West Bryanfurt,Colombia,1972-07-20
103,Robin Wright,danielle05@example.org,New Danielle,Serbia,2011-10-06
104,Terri Garrison,bergermichael@example.com,Robertland,Swaziland,2015-03-11
105,David Mitchell,ogreen@example.org,Codyburgh,Tonga,1987-09-16
106,Victoria Hawkins,daniel37@example.net,Hayesberg,Guam,1993-05-18
107,Sharon Brady,chris42@example.net,Lake James,Belgium,2012-04-06
108,Douglas Bishop,sarahanderson@example.net,Lake Brenda,Northern Mariana Islands,2010-10-01
109,Christopher Dean,claytonjames@example.com,Jeffreyfort,Comoros,1995-04-27
110,Tiffany Jimenez,christina22@example.com,West Dustintown,Japan,1993-11-29
111,Rebecca Horton,anthonylopez@example.net,South Christina,Malawi,1976-10-29
112,Rachel Harris,gonzaleselizabeth@example.com,South Melinda,French Southern Territories,2001-01-14
113,Matthew Hall,jamie51@example.com,Robertsonland,American Samoa,2006-06-29
114,Tristan Barry,rickyholmes@example.net,Waltonmouth,Tanzania,2009-11-26
115,David Hughes,ymoreno@example.net,West Andrewfurt,Sweden,2019-11-11
116,Alexandra Ward,imoody@example.com,West Laurahaven,Albania,2002-12-16
117,Anthony Powers,jkramer@example.org,Joshuamouth,Malta,1984-09-03
118,Vanessa Wood,samanthaortega@example.org,Kevintown,Sao Tome and Principe,2009-10-09
119,Nicholas Rivera,christopherfrank@example.org,Briannaberg,Ethiopia,1977-08-31
120,Gregory Guzman,lschmidt@example.net,New Nataliehaven,Turkey,1987-06-21
121,Marie Barnes,diane24@example.org,New Susanborough,Antigua and Barbuda,1975-12-09
122,Patricia Ellis MD,newmannathan@example.net,Velazquezview,Bermuda,1976-03-22
123,Joseph Morales II,walkerluke@example.net,Timothyhaven,Djibouti,2013-08-01
124,Bryce Brown,joshuawagner@example.net,North Mike,Peru,2004-10-19
125,Manuel Vance,kennethmurphy@example.com,Shawshire,Mayotte,1985-05-15
126,James Sanchez,duranthomas@example.org,Lake Angela,Belarus,1997-04-20
127,Brooke Jones,evelyncarson@example.net,Samanthaborough,Panama,1971-11-07
128,Corey Banks,greeneluis@example.net,New Laurenburgh,Albania,1975-09-08
129,Lori Chapman,anthony51@example.com,Erikafurt,Tanzania,1971-08-29
130,Wesley Rosales,veronica49@example.net,Joshuaville,Mali,2020-10-06
131,Shawn Blake,kgreen@example.org,Andrewland,Greenland,1991-11-01
132,Christy White,justincannon@example.com,Port Carl,New Caledonia,2018-03-24
133,Jacqueline Acevedo,lwebster@example.org,Scottfurt,Cote d'Ivoire,1991-07-11
134,Emma Montgomery,jeremyrollins@example.com,North Robert,Monaco,2014-03-29
135,Christopher Wells,matthew61@example.org,East Jamesborough,Kiribati,1986-08-30
136,Emily Moore,pwood@example.org,West Dawnport,Chad,1996-11-06
137,Greg Jackson,fwood@example.org,Mackenzieborough,Saint Lucia,1987-06-27
138,Martha Moss,michael40@example.org,Collinshaven,Georgia,1976-10-01
139,Tracey James,prattrachael@example.org,Lake Jeffreyside,Marshall Islands,1994-04-25
140,Loretta West,howelljames@example.com,Smithside,Micronesia,1977-06-04
141,Lauren Keith DDS,gonzalezcindy@example.com,Lake Amberchester,Montserrat,1995-07-21
142,Cheryl Moore,william96@example.org,Parkerbury,British Indian Ocean Territory (Chagos Archipelago),1992-09-29
143,Anthony Fleming,asanchez@example.org,Masontown,Nepal,2001-07-15
144,Peter Beck,sheila49@example.net,Austinfurt,Hong Kong,2012-01-07
145,Edward Nichols,susan72@example.org,Richardsonchester,Monaco,1977-04-26
146,Richard Hanna,gregory13@example.com,West Aaronstad,Venezuela,2007-05-20
147,Jason Barnes,hoganmegan@example.com,South Richard,Canada,1994-08-10
148,Jerry Gibson,bsmith@example.com,Michaelshire,Austria,1971-03-17
149,Meghan Shelton,holly39@example.com,Port Laura,Kuwait,1972-04-19
150,Jessica Parks,nelsonapril@example.org,New Alexandra,Indonesia,2000-10-30
151,Mary Woods,brownamy@example.org,Mistyland,Brunei Darussalam,2011-09-16
152,Matthew Holmes,stephaniewheeler@example.net,North Zachary,Philippines,2016-01-14
153,Ronnie Jackson,karenwiley@example.org,South Brittneyview,United Arab Emirates,1992-03-20
154,Michelle Hendricks,valenzuelaangelica@example.org,Alexanderport,Martinique,1994-02-13
155,Joanna Stuart,yshannon@example.org,Johnsonchester,Argentina,2010-10-05
156,Eric Price,jeffrey64@example.org,North Laurenshire,Korea,2012-10-20
157,Natalie Wilson,lwilliams@example.org,Port Tina,Morocco,2001-01-28
158,Joshua Berry,lucasray@example.org,Williamfurt,Venezuela,1987-11-27
159,Diana Daniel,moniquepruitt@example.net,West Dawnhaven,Trinidad and Tobago,1976-06-09
160,Lauren Reyes,davidcarrillo@example.org,Smithfurt,Peru,1999-01-17
161,Lacey Mendoza,dicksonrobin@example.org,Campbellland,Mozambique,1992-02-21
162,David Miller,heatherryan@example.org,East Jasonland,Bulgaria,1985-12-16
163,Melinda Hill,gallagherkenneth@example.net,Jessicaburgh,French Polynesia,1977-02-04
164,Richard Davis,keithbailey@example.net,Gomezfort,Bahamas,2015-05-11
165,Stephanie Morales,joshuamorris@example.net,North Natalieville,Nauru,1976-10-02
166,Gary Lee,thomascassandra@example.com,Cristianmouth,Ethiopia,2007-10-18
167,Courtney Shaw,blackmary@example.com,Brittanyport,Brazil,2016-04-15
168,Mrs. Lauren Ellis DDS,john47@example.net,Peterfurt,Isle of Man,2023-12-18
169,Benjamin Thomas,ricky51@example.net,Port Jessica,South Africa,1983-07-15
170,Ashley Baker,cclark@example.org,East Elizabeth,Qatar,1972-11-30
171,Katherine Castillo,melissadyer@example.org,North Michelle,Estonia,2005-06-16
172,Phillip White,patriciacarson@example.net,South Courtney,North Macedonia,1989-03-17
173,Andrea Wallace,alexandrahoffman@example.net,Jessicaberg,Barbados,1974-01-14
174,Robert Mills,allen63@example.org,South Katherine,Kenya,1995-08-18
175,Jesus Jenkins,smithjohn@example.net,Sanchezchester,Timor-Leste,1983-12-17
176,Carl Davis,elliottkathleen@example.com,South Lauraside,Saint Vincent and the Grenadines,2017-09-17
177,Michael Fletcher,david77@example.net,Savagefurt,Cameroon,1999-12-26
178,Paul Tran,harteric@example.com,Kevinstad,Honduras,2001-05-22
179,Gina Williams,jimmyjohnston@example.org,Johnside,North Macedonia,1980-03-15
180,Joseph Ali,mgonzalez@example.org,New Shelleyside,Montserrat,2017-10-20
181,Dr. Nicholas Tucker,monica01@example.net,East Adamshire,Belgium,1971-08-24
182,Timothy Brooks,zacharystuart@example.com,Williamsland,Tanzania,2007-08-10
183,Tyler Carter,richcourtney@example.com,New Ashleybury,United States Minor Outlying Islands,1983-03-04
184,Cindy Russell,grace37@example.net,Lake Philip,Micronesia,2017-07-31
185,Sherry Clark,jblankenship@example.org,North Nicholas,Reunion,2005-03-20
186,Curtis Lee,fieldstimothy@example.net,Vasquezstad,Puerto Rico,2007-10-17
187,Brian Rhodes,monicatorres@example.net,South Cody,Mexico,1979-09-12
188,Garrett Williams,steve61@example.net,South Mollytown,Falkland Islands (Malvinas),1998-07-24
189,Dave Soto,sjackson@example.com,Brianbury,Georgia,1983-04-15
190,Kevin Gibson,mikayladonovan@example.org,New Pamela,Palestinian Territory,1984-07-11
191,Barbara Stokes,benjamin16@example.net,Port Nicoleland,Maldives,2017-12-11
192,Wesley Williams,garcialarry@example.com,Jonesville,Saint Barthelemy,1985-07-30
193,Carla Stewart MD,allencathy@example.com,Lake Lucas,Martinique,2019-03-08
194,Christopher Cochran,georgekyle@example.net,West Virginia,Oman,1993-06-07
195,Robert Russell,jamestaylor@example.net,Terriside,Norfolk Island,1971-12-21
196,Christina Li,david48@example.net,New Jerryview,Grenada,1991-11-26
197,Mckenzie Forbes,kreynolds@example.com,New Andrewport,Western Sahara,2011-08-03
198,Crystal Medina,debbie35@example.com,South Gabrielchester,Nauru,1998-05-01
199,Ricardo Garcia,justinferrell@example.com,North Ericbury,Tonga,1994-12-08
200,Kayla Roberts,rgonzalez@example.net,Emilyport,French Polynesia,1998-05-11
201,David Robinson,ellissamantha@example.net,Lake Brandichester,Switzerland,1980-10-16
202,Austin Jones,hernandezlori@example.org,North Janetbury,Honduras,1991-12-19
203,Claudia West,ashleylee@example.com,Jesusstad,Botswana,1991-07-01
204,Billy Hobbs,staffordtina@example.org,Kennethshire,Nigeria,2022-10-11
205,Chad Hatfield,christopher10@example.com,Shannonfurt,Saint Pierre and Miquelon,1998-09-21
206,Steven Cline,hilljessica@example.com,Michaelstad,Lao People's Democratic Republic,2019-09-01
207,Jane Scott,rthompson@example.org,Thompsonfurt,Cayman Islands,1998-06-05
208,Matthew Miller,johnwashington@example.net,Callahanhaven,Serbia,1999-10-24
209,Patricia Ross,jasminejohnson@example.com,East Monique,Iraq,2017-05-29
210,Hector Underwood,rhonda96@example.net,New Debramouth,Pakistan,1986-06-07
211,Melanie Scott,brandon49@example.net,South Kim,Senegal,2009-04-05
212,Emily Martin,bookertiffany@example.org,Ramirezbury,Algeria,1981-03-13
213,Patricia Garcia,normancharles@example.com,Cassandramouth,Georgia,1979-12-22
214,Matthew Patel,martinezkathleen@example.com,Debrafort,Lesotho,1977-03-10
215,Steven Hubbard,vwells@example.net,Schwartztown,Libyan Arab Jamahiriya,1993-02-13
216,Brianna Shepard,diazsamantha@example.com,Lake Jason,Tanzania,1977-02-28
217,Kristen Hernandez,dbradford@example.com,Nelsonville,Croatia,1978-11-20
218,Zachary Wallace,bobby15@example.com,West Ronniestad,Jamaica,2001-10-21
219,Holly Sexton,jerry90@example.com,Ashleestad,Togo,2007-12-07
220,Tonya Butler,mariah63@example.net,Debbieburgh,Eritrea,2006-08-16
221,Joy Cabrera,kevinharvey@example.com,South Thomas,Nigeria,1982-11-26
222,Dustin Martin,lvillanueva@example.net,Carrilloburgh,Georgia,2000-02-16
223,Rachel Carr,paul69@example.net,Alexandriafurt,Cook Islands,1989-07-31
224,Douglas Carrillo,baileysusan@example.org,West Ann,Brazil,1973-09-22
225,Carla Wheeler,brianwatson@example.net,Bondview,Ukraine,2008-09-04
226,Mr. Mark Patterson,jennifer18@example.org,Harrisside,Turkmenistan,1975-11-27
227,Heather King,ryanwright@example.org,East Jamesbury,Moldova,1990-06-12
228,Timothy Fuentes,santosanthony@example.net,Buckleychester,Seychelles,1978-06-14
229,Grace Miller,marktravis@example.net,Lake Dorothyport,Panama,1999-03-17
230,Lynn Howard,harrisoncheryl@example.com,Tiffanyland,Togo,1999-12-09
231,Chris Brown,teresasims@example.org,Lake Rachael,Palestinian Territory,2017-10-09
232,Dr. Emily Cox,ldouglas@example.net,Lutzmouth,Uganda,1995-10-27
233,Cynthia Flores,ellen47@example.net,Sheilaland,Honduras,1979-06-21
234,Daniel Jackson,christopher78@example.org,Thomasburgh,Estonia,2021-02-16
235,Karl Clark,dwilliams@example.org,Andersonstad,Western Sahara,2007-11-30
236,James Monroe,markpittman@example.org,Jamesport,Christmas Island,1971-12-07
237,Nicholas Mitchell,sortiz@example.com,Lake Tinaburgh,Nicaragua,1971-04-19
238,Susan Hawkins,vsantana@example.net,North Kayla,Lao People's Democratic Republic,1988-05-20
239,Amber Taylor MD,bmcdonald@example.net,East Alan,Guadeloupe,2005-04-11
240,Thomas Fisher Jr.,umontgomery@example.net,Sherrystad,Portugal,1998-10-09
241,David Short,yhill@example.org,Brownland,Tunisia,1977-09-08
242,Dawn Mcclure,jennifermoore@example.net,East Ericburgh,Reunion,1977-01-23
243,Peter Harrell MD,holmeschristopher@example.net,Kathrynburgh,Faroe Islands,1994-09-16
244,John Weaver,brandon25@example.org,North Adamtown,Uganda,2001-06-29
245,Katelyn Conway,wmurray@example.com,Martinezhaven,Somalia,1985-10-03
246,Nancy Hammond,vscott@example.com,Mauriceport,Martinique,1983-11-21
247,Heather Cook,yvetteanderson@example.org,Port Stephanieburgh,El Salvador,1974-01-24
248,Tracy Jordan,hoganjeremy@example.net,Castrotown,South Georgia and the South Sandwich Islands,1990-02-01
249,Megan Wood,john35@example.org,East Edwardfort,Isle of Man,1996-08-13
250,Ernest Abbott,rebeccasweeney@example.org,New Joeside,Yemen,2017-07-09
251,Kendra Mcdonald,christine33@example.net,Smithfort,Colombia,2014-01-07
252,Natalie Brady,tmiller@example.com,East Patrick,Reunion,1999-03-20
253,Kathy Flores,floresshelly@example.net,Beckerstad,Afghanistan,2013-07-25
254,Lisa Stephens,chavezbrianna@example.org,Velazquezburgh,Colombia,2022-11-03
255,Daniel Jones,pgreen@example.com,Laurenborough,Dominican Republic,1987-02-21
256,William Johnson,larry32@example.org,North Michelle,Italy,2000-05-03
257,Julie Gibson,gnash@example.com,South Diana,Cyprus,2021-07-11
258,Ms. Rachael Murphy,molly02@example.org,East Richardport,Finland,2001-08-21
259,George Mcgrath,schultzgloria@example.com,Crystalhaven,Anguilla,2019-03-20
260,Meagan Brown,okelly@example.net,North Paul,Puerto Rico,1990-01-24
261,Renee Edwards,brianblack@example.net,Austinside,Fiji,2006-01-06
262,Corey Duncan,tim40@example.com,Fletcherstad,Qatar,2015-11-02
263,Chelsea Vaughn,vegajames@example.net,New Scotthaven,Greenland,1995-12-25
264,Mary Gardner,katelynsantana@example.net,Lake Jenniferside,Costa Rica,2006-06-10
265,Isabel Cooper,kevinwilson@example.net,Brandonfurt,Tanzania,2015-12-28
266,Stephen Harrison,jschneider@example.org,New Joseberg,Liberia,1980-03-29
267,Matthew Benjamin,charles40@example.com,North Stephanie,Fiji,2007-02-17
268,Nathan Calhoun PhD,juandavis@example.org,Nicolestad,United States Virgin Islands,1990-07-13
269,Travis Ruiz,jessicamyers@example.org,South Jackie,Yemen,1973-03-30
270,Dawn Davies,rchambers@example.net,Nguyentown,Estonia,2007-01-17
271,Diana Silva MD,ythomas@example.org,Steeleland,Norway,2022-07-12
272,Sarah Frazier,pamela98@example.org,East Michaelside,Montserrat,1993-04-05
273,Nicholas Adams,anita52@example.org,Amberbury,Nicaragua,1970-06-28
274,Kathleen Mack,penny10@example.org,Joelfort,Isle of Man,2016-12-23
275,Lisa Santiago,cowanmarcus@example.org,Ramosport,India,1997-06-11
276,William Taylor,joshua60@example.com,East Jill,Sweden,1992-11-03
277,Margaret Jackson,lstone@example.org,Whitemouth,Germany,1978-02-16
278,Paula Palmer,ysolis@example.net,Deborahside,Norfolk Island,1995-04-15
279,Elijah Contreras,andreathomas@example.net,Loweland,Bahamas,2010-11-21
280,Vanessa Reyes,lindsey21@example.org,Lorrainefurt,Tajikistan,2004-04-14
281,Erika Hunter,tmorales@example.net,Stephenbury,Cape Verde,1989-11-22
282,Mario Taylor,jennifer99@example.org,Meganfurt,Svalbard & Jan Mayen Islands,2005-02-02
283,Shelly Rich,austinmichele@example.com,Joshuaburgh,Malaysia,2025-03-28
284,Cathy Davis,ohunt@example.net,Stephaniefort,Tajikistan,2002-10-22
285,Miranda Stephenson,alicia02@example.net,Walkerland,Bahamas,2009-04-21
286,Ian Rodriguez,alittle@example.com,Carlborough,Chile,2018-03-28
287,Anthony Aguilar,cheryl09@example.org,South Henrystad,Congo,1993-10-23
288,Valerie Frye,maryfoster@example.net,Lake Joseph,Lebanon,2008-02-04
289,Marc Davis,santiagoadam@example.com,Williamsonville,Cyprus,2012-02-20
290,Julia Rangel,evan79@example.net,Port Taylor,Ecuador,1973-01-11
291,Brandon Conner,paul33@example.com,New Brenda,Ethiopia,2024-01-13
292,Victor Norman,ghernandez@example.com,Amyton,Nigeria,2024-12-26
293,Natasha Braun,nsmith@example.com,Timothyberg,Kiribati,2018-04-24
294,Jonathan Greene,kimberlyperry@example.org,New Laura,Bosnia and Herzegovina,2025-04-03
295,Jacqueline Ramirez,pwilliams@example.net,West Davidchester,Brazil,1986-04-04
296,Megan Hartman,pammiller@example.net,Julieshire,Italy,1980-02-04
297,Donna White,zjohnson@example.org,Lake Matthewbury,Benin,2016-03-10
298,Joseph Kent,morenokyle@example.com,West William,Malawi,2018-02-07
299,Natalie Mills,hansonkatie@example.org,Michaelton,Bolivia,1985-03-10
300,Mary Skinner,tami25@example.org,Port Ericmouth,Croatia,2014-09-16
301,Michael Arellano,burtonjade@example.com,East Deanport,Iran,2009-10-29
302,James Campbell,anthonyjones@example.com,Ianfort,British Indian Ocean Territory (Chagos Archipelago),1974-10-02
303,Jennifer Nguyen,rbrown@example.org,East Thomas,Cyprus,2012-02-03
304,Charles Herring,lindsay04@example.net,Williamside,Netherlands Antilles,2011-07-11
305,Rhonda Ward,mathew99@example.net,East Beth,El Salvador,1995-10-25
306,Mrs. Jennifer Sanford,jgriffin@example.com,North Jasmine,Mayotte,2002-05-22
307,Jason White,franklincraig@example.org,New Elizabeth,Haiti,2020-04-15
308,David Steele,zkennedy@example.org,Frankstad,Saint Helena,2006-08-14
309,Kaitlin Clarke,jonathan41@example.com,Ethanmouth,Armenia,2001-07-05
310,Susan Hodge,margaretbauer@example.net,New Bryce,Myanmar,1990-08-27
311,Jessica Wang,danny61@example.org,New Jennifermouth,North Macedonia,1985-06-26
312,James Myers,smithtyler@example.org,New Debra,Cook Islands,1991-04-08
313,Arthur Hunt,thomas37@example.com,East David,Saint Helena,1981-11-16
314,Fernando Brown,donald03@example.com,Ricardobury,Canada,1990-07-17
315,Gina Romero,joseph93@example.net,New Marymouth,Iran,1991-12-13
316,Shawn Green,edwardsjessica@example.net,Emilyton,Russian Federation,2025-03-28
317,Martha Dunn,kimberly93@example.net,Brooksville,Morocco,1970-03-01
318,Philip Castillo,richardsonjill@example.org,East Christopherton,Congo,1996-11-10
319,Kristin Johnson,simmonsmegan@example.net,Port Jeffreymouth,Guatemala,1990-08-26
320,Craig Haynes,rsimpson@example.net,Carterborough,Liberia,2006-10-20
321,Emily Harper,robertbrown@example.net,Alvarezhaven,Liechtenstein,2000-10-22
322,Jeremy Stevenson,robert22@example.org,South Joseph,Brazil,2014-06-09
323,Shannon Waller,flemingamy@example.org,Lake Tammy,Slovenia,2007-11-09
324,Jacob Morgan,cstanley@example.com,South Evelynmouth,Luxembourg,2019-09-10
325,Aaron Brown,jason63@example.com,West Bonnieshire,Lebanon,1985-04-09
326,Alejandro Berry,samuelsingleton@example.com,Annaside,Reunion,1988-06-03
327,Jose Rodriguez,raymondsmith@example.org,Derekfort,Ukraine,2023-12-04
328,James Bennett,qweiss@example.com,North Johnview,Afghanistan,1990-04-10
329,Amanda Brown,gordonjason@example.com,Lake Nathan,American Samoa,1988-05-08
330,James Brown,joannanguyen@example.org,Jorgestad,Sao Tome and Principe,2006-01-01
331,Rebecca Ross,osborneshaun@example.com,Wellsstad,North Macedonia,1982-02-27
332,Kevin Dean,jimenezkaren@example.org,Port Taylor,Dominican Republic,1974-12-21
333,Steven Velazquez,wgibson@example.com,Hallhaven,Maldives,1996-10-13
334,Dr. Benjamin Powers,tammy16@example.net,Alexanderbury,Dominica,1997-08-19
335,Joshua Johnson,collinsdeborah@example.com,Nicolebury,Slovenia,2025-06-29
336,Melanie Martin,olsonsarah@example.net,North Austin,Malta,2002-10-25
337,Dr. Cindy Moore,monique58@example.org,Kirbyport,Madagascar,1982-03-26
338,Christopher Roberts,morrisanna@example.net,Natashastad,Kiribati,1976-08-06
339,David Martinez,tammysnyder@example.com,Josephville,Falkland Islands (Malvinas),1988-02-18
340,Michelle Noble,jenniferdavies@example.net,Monicaside,India,2007-08-28
341,Emily Carter,jaimestevens@example.net,North Andrewton,New Zealand,2011-09-13
342,Gregory Brown,kmurphy@example.com,Port Peggyview,Uzbekistan,1981-07-02
343,Rebecca Wagner,humphreyheather@example.org,East Raymondhaven,Oman,2018-06-03
344,Renee Mayer,vcampbell@example.net,New Jilltown,Romania,1996-12-17
345,Megan Harris,jasonbeasley@example.org,Hudsonland,Gambia,1999-08-05
346,Matthew Russell,egordon@example.com,Smithtown,Cote d'Ivoire,1981-01-28
347,Joshua Charles,fallen@example.org,Lake Charlesland,Vanuatu,1982-04-26
348,Mr. Trevor May,jonesmichael@example.net,Evelynview,Gabon,1996-09-07
349,Misty Morales,fordantonio@example.com,West Molly,Barbados,1992-07-15
350,Rachel Mills,shawbrandon@example.org,Josephport,Ethiopia,1996-02-21
351,Emily Rodriguez,boyerkelly@example.org,Cummingschester,Oman,1999-10-29
352,Lisa Harris,ioneill@example.org,Greenechester,Barbados,2001-04-15
353,Mary Dunn,tiffanyvance@example.com,Port Craigchester,Svalbard & Jan Mayen Islands,2015-08-10
354,Sarah Zamora,jacqueline48@example.org,Isaacberg,Mozambique,2014-10-03
355,Sharon Russell,ntaylor@example.com,Davisland,Norway,2020-09-19
356,Michael Arias,robert58@example.com,Bridgethaven,Honduras,2004-10-06
357,Alexis Joseph,robertscarol@example.net,Alexaland,Brazil,1972-12-23
358,Andrea Wolf,sean40@example.org,North Dianamouth,Equatorial Guinea,2026-04-03
359,Stephanie Coleman,nixonmicheal@example.net,New Anthony,Spain,1975-12-03
360,Charles Grimes,bruce22@example.org,Kellyburgh,Tonga,2017-08-24
361,Katherine Norton,juan90@example.org,Alexandraborough,Comoros,2021-01-05
362,Christopher Graham,patrick63@example.org,West Garyberg,Chad,1989-02-07
363,Brenda Mills,washingtonoscar@example.com,Lisamouth,Kiribati,1998-08-09
364,Franklin Garcia,conwayjamie@example.com,South Andrewland,New Zealand,1995-08-08
365,Mitchell Hughes,ellischristopher@example.com,Lake Jenniferside,Belize,1988-09-27
366,Barbara Johnson,ndiaz@example.com,East Kaylamouth,Korea,2003-12-09
367,Robert Wilson,melissarice@example.com,Davisberg,El Salvador,2005-02-25
368,Deborah Cardenas,kristin18@example.org,Lake Tiffany,Nauru,2024-01-10
369,Sydney Martin,owilliams@example.com,Christianburgh,Estonia,1976-08-26
370,Craig Taylor,smithmichael@example.com,South Douglaschester,Nigeria,2011-06-15
371,Tara Dorsey,benjaminadkins@example.com,Nathanfurt,Mauritius,2002-01-28
372,Shannon Allen DDS,alvarezkevin@example.net,Stephanieborough,Sri Lanka,1971-06-26
373,Andrew Bass,gcampbell@example.org,Annahaven,Finland,2018-11-27
374,Robert Garrett,hvelez@example.net,Natashashire,Gambia,2012-12-11
375,Lisa Greene,ccarter@example.org,Lake Brandon,Saint Helena,2014-09-23
376,Valerie Sanchez,lisa15@example.com,Popeborough,Somalia,2005-09-21
377,William Turner,mcdanieljohn@example.org,East Jamesfort,Netherlands Antilles,2008-12-01
378,Janice Schultz,gomezdeborah@example.com,West Sueton,Christmas Island,2010-04-14
379,Linda Harrison,kathleen53@example.org,North Jeffrey,French Guiana,2004-11-21
380,Mr. Keith Duncan,brittneydalton@example.net,East Susanchester,Congo,2001-11-25
381,Andrew Williamson,wmahoney@example.com,Nicholasborough,Rwanda,2024-01-18
382,Tammy Duke,jsingh@example.org,West Jacobborough,Uruguay,1971-06-07
383,Chris Garcia,carol65@example.net,West Tiffany,Bahamas,1988-07-23
384,Glen Martinez,scott48@example.net,Lake Sharon,Maldives,2024-04-22
385,Joe Williams,saramiller@example.com,North Michaelshire,Turkey,1972-04-07
386,Dustin Paul,toddmichele@example.org,North Erinfort,Iraq,2022-08-24
387,Eric Cole,griffinkristie@example.org,Lake Jimmyville,Pitcairn Islands,1981-12-10
388,Derek Hayes,fisherkelly@example.net,Fletcherbury,American Samoa,2004-06-05
389,Ryan Rubio,melinda12@example.org,Port Scott,Netherlands,1973-09-20
390,Marc Roberts,brandon31@example.org,Port John,Palau,2001-08-20
391,Christian Salazar,collinsdavid@example.org,Crystaltown,Turks and Caicos Islands,1972-06-18
392,Dennis Howe,iball@example.com,Steventon,United Kingdom,1989-08-15
393,Steven Moore,snowamanda@example.org,East Ashley,Martinique,2007-04-21
394,Erin Chase,victoria00@example.com,Micheletown,Sweden,2014-12-23
395,Melissa Bell,heather98@example.com,East Amyshire,Lebanon,1993-12-08
396,Carrie Anderson,steindavid@example.org,South Christina,Djibouti,2016-06-13
397,Sandra Lawson,amanda21@example.com,Port Davidstad,Mozambique,1988-02-28
398,Joshua Perez,cassandra07@example.net,Karenburgh,Turks and Caicos Islands,2023-02-24
399,Elizabeth Jenkins,schneiderzachary@example.org,Odonnellview,South Africa,1990-11-06
400,Alejandro Harrison,qsmith@example.com,New John,Belgium,2014-05-28
401,Derek Fox,daniel95@example.net,Port Gabriellaborough,Burundi,2000-03-23
402,Vincent Holmes,julie19@example.net,Cheyennemouth,Myanmar,2003-04-13
403,Jacob Griffin,dwu@example.org,New Sharonville,Martinique,1982-12-16
404,Sheila Ingram,christinethomas@example.net,Abigailmouth,Sri Lanka,2017-01-21
405,Kelly Williams,josephemma@example.com,Kennethville,Greece,1995-04-17
406,Joanna Barron,gconrad@example.org,Fostershire,Zimbabwe,2002-10-08
407,Kurt Scott,gabrielle73@example.org,Lake Barbara,Macao,1971-08-09
408,Catherine Keller,clarkstephanie@example.com,Nortonland,Nicaragua,2002-06-11
409,Marcus Suarez,ellen45@example.org,East Patricia,Greece,1973-07-01
410,Anthony Martinez,gdiaz@example.org,Kirkchester,Latvia,1982-03-07
411,Alison Parker,martha41@example.net,Charlesshire,New Caledonia,1995-08-15
412,Michele Fowler DVM,renee35@example.org,South Derekfort,Monaco,1974-03-30
413,Sarah Webb MD,justingarcia@example.org,Samuelton,Faroe Islands,2019-12-25
414,Ryan Gonzalez,reginaldgonzales@example.com,Walkerbury,Mongolia,1978-11-07
415,Todd Banks,rebekahpeters@example.org,Port Maria,Serbia,1983-09-03
416,April White,micheal98@example.org,Claudiatown,Iraq,2017-10-24
417,Jake Mcgee,ecarpenter@example.org,East Margaret,French Polynesia,1985-05-12
418,Olivia Avila,greenjennifer@example.net,Stephanieshire,Iceland,1983-03-18
419,Thomas Mckay,timothyevans@example.net,Lopezstad,Nauru,2016-02-06
420,Debra Bruce,jeremiah78@example.com,West Jonathanberg,Armenia,2013-08-14
421,Mrs. Dawn Moss DVM,rtorres@example.com,Salazarhaven,Micronesia,1980-08-01
422,Elizabeth Bradley,fthomas@example.com,Lake Christineshire,Palau,2003-09-06
423,Kimberly Weaver,andersontammy@example.net,Murilloburgh,Cayman Islands,1988-07-30
424,Christopher Hart,ramirezmeagan@example.net,East Michael,Uruguay,2000-05-24
425,Allen Reyes,brianwilson@example.net,Bakerland,Portugal,1971-04-09
426,Amy Evans,johnsonjames@example.com,Michaelport,Cote d'Ivoire,2006-05-23
427,Christopher Gross,qgarcia@example.org,New Cindy,Grenada,2022-07-17
428,Jennifer Lewis,gregory88@example.com,North Carlafurt,Croatia,1991-02-21
429,Brenda Moon,oevans@example.org,Newmanborough,New Zealand,2003-07-12
430,Luis Riley,donaldblackwell@example.org,Duncanland,Eritrea,1992-01-15
431,Justin Rojas,gcrawford@example.com,North Lauren,Brazil,1997-11-09
432,Carlos Stewart,katherinebeasley@example.com,Markstad,Denmark,2015-06-09
433,Douglas Martin,kimberlycook@example.com,Johnfort,Togo,2002-08-12
434,Heather Wiggins,georgestephanie@example.net,West Stevenland,Timor-Leste,1990-07-03
435,Kristi Mills,jake83@example.net,South Dale,Korea,2007-07-06
436,Matthew Price,lindsey18@example.org,Patriciabury,Austria,2022-04-22
437,Tyler Sexton,christina30@example.com,South Logan,San Marino,2013-04-29
438,Tyler Brady,obrown@example.org,North Wendy,Finland,1976-12-11
439,Tanner Diaz,jodi40@example.org,West Marktown,Argentina,2011-11-12
440,Stephanie Espinoza,stevenfoster@example.com,Kimberlymouth,Antigua and Barbuda,2009-07-30
441,Courtney Stewart,kristyzavala@example.org,Lake Stephanie,Antarctica (the territory South of 60 deg S),2007-12-09
442,Nicole Bowen,maryguzman@example.com,New Isaac,Niger,2019-12-02
443,Tiffany Hanson,jack19@example.com,West Barryland,Iceland,2007-12-08
444,Lisa Mitchell,ijones@example.org,Robertsonborough,Taiwan,2014-09-13
445,Donna Cantrell,heatherhoward@example.org,North Justinport,Cocos (Keeling) Islands,2005-06-03
446,Phillip Reid,phernandez@example.org,Oliverville,Bulgaria,2016-06-06
447,Tonya Martinez,jacqueline65@example.org,Port Lindsay,Guernsey,1997-09-15
448,Ann Ward,clee@example.org,Gordonmouth,Belgium,2007-10-08
449,Micheal Walters,valerie36@example.net,Nobleview,Timor-Leste,2021-08-02
450,Lynn Barnes,lorinelson@example.org,Port Kellystad,Solomon Islands,2013-07-22
451,Leonard Mueller DDS,bbruce@example.com,Friedmanmouth,Solomon Islands,2008-10-01
452,Richard James,burcharthur@example.org,Josephmouth,Burkina Faso,2001-06-17
453,Katelyn Rogers,katelyn56@example.com,South Paulaside,Argentina,1974-12-24
454,Timothy Grant,bethany95@example.com,Anthonyfurt,Egypt,2024-01-30
455,Ronald Simpson,cherylbowen@example.org,Melissachester,Cocos (Keeling) Islands,2012-12-12
456,Edward Smith,lbutler@example.net,West Ritastad,Lao People's Democratic Republic,1998-11-05
457,Nicole Ellis,richardsanchez@example.net,West Tim,Cameroon,2007-08-23
458,Heidi Huber,gcaldwell@example.com,Sanfordbury,Paraguay,1991-09-22
459,Brad Kelley,ewhite@example.com,Williamsfort,United Arab Emirates,2014-06-30
460,Edward Lopez,ashley80@example.net,Lake Barbara,Gambia,2002-03-19
461,Carl Welch,dobrien@example.org,Port Ericside,Saint Vincent and the Grenadines,2016-08-15
462,Aaron Perez,jeremy03@example.org,South Matthewshire,Cook Islands,2015-08-24
463,Lynn Willis,louis29@example.org,Edwardston,Morocco,1997-09-17
464,Krystal Cooper,kylefletcher@example.org,Debrastad,Yemen,2012-01-18
465,Martha Middleton,herreraashley@example.net,New Hectorchester,Guinea-Bissau,2011-02-05
466,Karen Baker,dawnreid@example.net,Coxbury,Chad,1986-04-11
467,Ms. Laura Mason DDS,lyonscory@example.net,Ashleyburgh,Bahrain,2023-01-12
468,Alexis Carr,bporter@example.com,Ericstad,Poland,2021-04-24
469,Christopher Rose,erobinson@example.com,Barrettview,Egypt,1996-07-19
470,Brian Smith,maria83@example.net,Kingmouth,Vietnam,2009-02-05
471,Kelsey Shelton,smithaustin@example.org,Mitchellside,Monaco,1980-09-16
472,Kayla Young,antoniomontgomery@example.com,Breannaport,Solomon Islands,2006-12-10
473,Terry Morrison,nelsonjohn@example.net,South Julieton,Morocco,2013-09-28
474,Derek Petersen,robinsoncody@example.com,New Courtney,Mongolia,1992-04-02
475,John Cruz,matthewblack@example.org,Peterberg,Luxembourg,1987-03-04
476,Nichole Rivera,trevinoamy@example.net,South Jenniferside,Somalia,2023-07-30
477,Samantha Cole,john80@example.org,Jonathanbury,Congo,1982-08-06
478,Matthew Harris,madisonbrandt@example.com,Austinchester,Barbados,1993-11-07
479,Douglas Pittman,joshuapage@example.org,Tonyland,Argentina,1981-12-05
480,Jacqueline Smith,fmanning@example.org,West Cindyshire,Czech Republic,1993-05-22
481,Kevin Harris,ryan33@example.com,West Stevenmouth,Malta,2023-03-06
482,Samuel Carter,danieljordan@example.net,South Nicholas,Serbia,2011-07-30
483,Jacob Edwards,michelleblake@example.net,New Jeremybury,Bangladesh,1990-07-15
484,Connie Graves,lgarcia@example.com,Michaelton,Mayotte,2026-02-22
485,Kyle Hill,andersonashley@example.com,Brianbury,Jersey,1997-12-22
486,Wendy Johnson,charles60@example.net,East Kevin,Nauru,1974-08-03
487,James Green,ashleyshaffer@example.com,Port Amandaborough,Togo,2021-04-24
488,Samantha Simpson,znielsen@example.net,Serranoview,Palau,1994-07-04
489,Lisa Osborn,qmorgan@example.net,Robertohaven,Sweden,1988-01-26
490,Timothy Deleon,andrea17@example.com,Russellmouth,Algeria,2014-02-28
491,Leslie Jones,vmartinez@example.org,Doylemouth,Nigeria,1980-08-04
492,John Boyd,drew74@example.com,Rangelbury,Cameroon,2013-02-24
493,Christine Wright,johngamble@example.net,Port Jaredview,New Caledonia,1997-03-25
494,Christina Walters,dale32@example.org,Joshuashire,Finland,1981-09-06
495,Sandra Steele,ealvarez@example.com,Lisaburgh,Argentina,2017-08-24
496,Allen Robinson,mmorrison@example.org,North Benjamin,Luxembourg,2005-10-04
497,Christopher Cline,wholmes@example.net,Kerrfort,Pakistan,1983-10-07
498,Ms. Elizabeth Sanchez,frankkeller@example.org,Lopezland,Nicaragua,2007-08-23
499,Jason Andrews,jason60@example.net,Port Davidberg,Nicaragua,2000-02-20
500,Michael Kramer,cunninghamjasmine@example.com,West Nicholasview,Lesotho,2005-12-15
501,Amanda Lee,jodyroberson@example.org,Dunlapmouth,India,2017-05-09
502,Andrea Turner,tfuller@example.net,Port Courtney,Zimbabwe,1998-10-23
503,John Nelson,longronnie@example.com,West Tiffanystad,Syrian Arab Republic,1995-02-08
504,Emily Lindsey,smcdowell@example.net,East Steven,Macao,1996-04-21
505,Tanya Cox,paulpalmer@example.com,Lake Jerryburgh,Sweden,2016-11-02
506,Zachary Hale,nancy37@example.org,Paulstad,France,1977-07-30
507,Brian Young DVM,xharris@example.com,Spencermouth,Timor-Leste,1994-08-09
508,Adriana Morgan,scott55@example.net,New Michael,Malawi,1980-06-30
509,Charles Stein,cperry@example.net,New David,Swaziland,2003-10-15
510,Keith Carney,kwilson@example.org,North David,Palestinian Territory,2005-10-31
511,Mr. Michael Watkins MD,daniel97@example.org,Davidmouth,Vanuatu,2016-08-26
512,Brittany Rodriguez,williamsdarren@example.net,North Mary,Honduras,1995-12-03
513,Phillip Nicholson,danielmartinez@example.org,Berryhaven,Tunisia,2011-04-20
514,Tyler Palmer,shelly01@example.com,Jessicabury,Angola,1981-08-25
515,Leroy Burnett,maryharris@example.org,Colemanfort,Albania,1997-04-25
516,Sarah Clarke,blackwellbrian@example.org,Jenniferberg,Saint Barthelemy,1999-01-07
517,Traci Weber,douglascarrillo@example.org,East Donaldbury,Micronesia,1980-09-28
518,Ashley Brooks,dana13@example.org,East Kevinhaven,Macao,2007-02-25
519,Ricky Hughes,maria84@example.com,North Donna,Bouvet Island (Bouvetoya),2002-04-14
520,Becky Martin,kimberlymoore@example.org,West Leahburgh,Seychelles,1978-05-27
521,Jesus Blanchard,miguelsmith@example.org,Port Michelle,Saint Pierre and Miquelon,2010-06-12
522,Christina Woods,shellyalexander@example.org,West Benjaminhaven,Comoros,1995-08-15
523,Amber George,angela85@example.org,South Johnmouth,Canada,1980-02-18
524,Deborah Fernandez,martindanielle@example.net,Dawnfurt,New Zealand,1989-08-07
525,Robert Carter,ian31@example.org,New Aaronport,Turkey,2000-01-22
526,Mary Hernandez DDS,staceygonzalez@example.org,Meganchester,Mongolia,1992-09-30
527,Shawn Price,cory21@example.org,Hintonshire,Saint Pierre and Miquelon,2002-11-21
528,Edward Wolfe,vanessawhite@example.com,East Vincentfort,Germany,2017-06-12
529,Isaac Sandoval,weissmark@example.net,Cathymouth,India,2024-02-09
530,Michelle Johnson,juan90@example.com,South Amberborough,Norfolk Island,1976-06-20
531,Frederick Vasquez,amartinez@example.com,Johnsonburgh,Poland,1996-10-10
532,Anna Wagner,wilkersondonald@example.org,Port Timothyland,Estonia,1970-04-26
533,Karina Edwards,jasmine58@example.com,Port Kathy,Cyprus,2002-11-23
534,Melissa Coleman,roger86@example.net,Smithchester,United States Virgin Islands,2011-10-06
535,Savannah Caldwell,cjackson@example.net,Ethanton,Nepal,2002-03-19
536,Robert Cooper,teresa27@example.org,Hunterbury,Italy,1973-10-28
537,Stephanie Frank,hernandezrachel@example.com,Lake Michaelfort,Netherlands Antilles,1971-03-20
538,Kevin Clark,bradleyanna@example.org,Port Nathan,Bahrain,2000-07-14
539,Julia Adkins,medinajoann@example.com,Schultzton,Saint Barthelemy,2023-12-10
540,Andrew Johnson,amassey@example.org,North Terri,Gibraltar,1985-05-21
541,Linda Miller,sara07@example.net,Port Jeffrey,Cayman Islands,2004-11-11
542,Joseph Roberts,maryfriedman@example.com,Hernandeztown,Vietnam,2010-11-23
543,Kevin Frazier,robinolsen@example.com,East Ryan,Northern Mariana Islands,2009-05-29
544,Lawrence Miranda,johnsonkatrina@example.org,Kimberlychester,Iraq,2010-10-13
545,Erin Carney,robertharvey@example.org,South Thomas,Saint Pierre and Miquelon,2017-07-13
546,Tiffany Scott,tylerlane@example.org,South Brandon,Gibraltar,1999-08-21
547,Traci Sanchez,reedscott@example.net,North Brian,Zambia,1991-08-02
548,Derrick Curtis,david83@example.net,Woodbury,Mali,1976-06-25
549,Tina Warner,gfrye@example.com,Adamtown,Nepal,1980-01-20
550,Christina Russell,maria29@example.com,Port Ashley,Taiwan,2025-10-30
551,Anthony Johnson,piercerobert@example.net,Port Nathaniel,Liberia,1981-08-14
552,Samuel Navarro,todd58@example.org,East Reneebury,Cyprus,2012-03-28
553,Katherine Vasquez,wrightdana@example.net,North Brettview,Liberia,1994-03-22
554,Mason Escobar,james67@example.org,Wilsonberg,Burundi,1998-01-08
555,Amanda Chang DVM,matthew76@example.org,Davidstad,Ecuador,1981-05-29
556,Edward Rivera,jon77@example.com,North Kathryn,Cameroon,2021-07-15
557,Jacob Christensen,crawfordrebecca@example.net,South Levimouth,Martinique,1971-12-28
558,Carrie Rice,qtucker@example.com,Fordview,Micronesia,1979-05-25
559,Alexander Cox,fpowers@example.com,North Davidport,India,1986-10-30
560,Jacob Garcia,jasonroth@example.com,East Williamborough,Mali,1993-03-15
561,Gabrielle Hall,hgarcia@example.org,Port Sean,Svalbard & Jan Mayen Islands,1977-07-23
562,Samuel Hamilton,jennifervelasquez@example.com,New Troymouth,Azerbaijan,1982-03-29
563,Stacey Grant,icobb@example.net,Mooreville,Montserrat,2000-02-02
564,Marcus Dudley,adamsgary@example.net,Brownside,Argentina,1995-12-08
565,Brittany Martinez,aortiz@example.com,Keithmouth,Gabon,2026-02-24
566,Noah Roy,michaelwhitehead@example.com,Kimberlyland,France,1976-02-08
567,Glen Garner,paynemegan@example.com,Derekville,Morocco,2001-10-28
568,Sara Mcgrath,pzhang@example.com,North Anthonyhaven,Trinidad and Tobago,2002-02-04
569,Mark Howard,fernandezjamie@example.net,North Brandon,Timor-Leste,1989-01-28
570,Steve Griffin,collinsmichael@example.net,Jameshaven,American Samoa,1992-05-22
571,Michelle Johnson,seth48@example.com,Keithland,Serbia,2013-01-05
572,Scott Richards,escobarjamie@example.org,Angelafurt,Switzerland,1975-11-08
573,James Brennan,christina52@example.org,Lake Zachary,Antarctica (the territory South of 60 deg S),1985-04-13
574,Jessica Reed,rebeccariddle@example.org,Kevinton,Taiwan,1993-11-25
575,Robert Lewis,karen13@example.org,Williamfort,British Indian Ocean Territory (Chagos Archipelago),1991-09-25
576,Charles Lester,rparker@example.com,Butlerborough,Timor-Leste,1992-07-10
577,Jason Bender,leslie25@example.org,Alexanderburgh,Saint Vincent and the Grenadines,2019-09-27
578,Damon Bowman,rodriguezrhonda@example.org,West Gerald,Palestinian Territory,1973-08-14
579,Angela Walker,kyle56@example.net,Lake Gabriella,Norway,1972-04-03
580,Courtney Rubio,colleen61@example.org,West Virginiaton,Montenegro,1981-08-28
581,Kirsten Sanchez,clarkjames@example.com,Mooremouth,Thailand,1975-03-01
582,Morgan Garrison,phamamber@example.com,Port Crystalland,Slovenia,2016-09-03
583,Eric Taylor,davislaura@example.net,South Loriville,Falkland Islands (Malvinas),2002-04-11
584,Samuel Ware,johnwilliams@example.com,North Ashleymouth,Azerbaijan,2020-04-03
585,Nathan Smith,christopher51@example.org,North Heatherton,Bermuda,1990-08-20
586,Matthew Stewart,jordanerik@example.org,West Pamelabury,Singapore,1996-04-19
587,Rebecca Morgan,fbaker@example.net,Thompsonport,Malta,2020-07-07
588,Jennifer Bright,olsenpeter@example.org,Martinton,Chile,1989-11-29
589,Shane Logan,waretimothy@example.com,Foxchester,Dominican Republic,2018-03-28
590,Paul Murray,nina78@example.net,Patrickstad,Oman,2023-10-02
591,Denise Gibbs,yjackson@example.net,Caitlinville,Singapore,1977-07-29
592,Julie Stevens,melanie56@example.com,Larsonshire,Cote d'Ivoire,1970-02-08
593,David Webb,andrewgriffith@example.com,Pamelaville,Spain,1973-12-16
594,Christopher Hicks,thomas08@example.com,West Susan,Guatemala,2006-01-06
595,Donna Anderson,thomassara@example.org,New Laura,Tajikistan,2006-09-03
596,Jesse Mayer,mmorrison@example.org,Dayborough,Saudi Arabia,1998-07-05
597,Susan Gallegos,juan13@example.com,Masseyton,Bouvet Island (Bouvetoya),1988-04-28
598,Veronica Rice,jeffreychavez@example.com,Johnhaven,India,2014-11-26
599,David Mcfarland,qparks@example.net,New Josephburgh,Iran,1986-04-23
600,Pamela Bryan,jacksonlisa@example.net,Lake Leahland,Burundi,2023-09-01
601,Ashley Lopez,ashley76@example.net,Millershire,Cook Islands,1973-06-27
602,Catherine Fitzgerald,powelljames@example.com,Tylerfurt,Cuba,1989-01-26
603,Brittany Sims,jjones@example.net,Sarahfort,Mauritania,2022-06-07
604,Todd Berger,davidmurray@example.net,Taylormouth,Uganda,1989-04-20
605,Bryan Ramsey,jose86@example.com,South Emilyshire,Solomon Islands,1981-11-09
606,Shane Mcfarland,jhuffman@example.net,East Steven,French Polynesia,1971-04-11
607,Brian Harper,meganelliott@example.org,West Michael,Somalia,1995-04-04
608,Kristin Davis,rthompson@example.org,Clarkchester,Serbia,2011-07-06
609,Jacqueline Smith,shari59@example.net,Howardmouth,Malta,1979-04-15
610,Jermaine Bautista,rodriguezanthony@example.net,Hubermouth,Solomon Islands,2005-11-04
611,Rebecca Williams,grahamjamie@example.com,South Karenmouth,Micronesia,1999-09-23
612,Nathaniel Gomez,welchwilliam@example.com,Crawfordchester,United States Virgin Islands,1985-01-28
613,Mr. Edward Garrison MD,gwalter@example.com,Sandraville,Nepal,1993-04-12
614,Logan Vasquez,miguelbrooks@example.org,Daniellemouth,Brazil,2022-06-30
615,Richard Douglas,shammond@example.org,Harrisonborough,Suriname,2017-02-17
616,Becky Cook,wallsbrian@example.com,Annetteport,Nauru,1974-08-18
617,Amanda Bell,brandonchaney@example.org,East Oliviafurt,Italy,1991-05-06
618,Anna Rojas,wdonovan@example.com,Port David,Yemen,2011-07-08
619,Cynthia Hernandez,michellesantos@example.org,South Michellefort,Korea,1978-05-09
620,Melissa Solis,donaldnewton@example.org,Chandlerview,Mexico,2001-11-15
621,Anthony Randolph,doyleamy@example.org,Jaredburgh,Cape Verde,1972-08-10
622,William Bell,danielle57@example.net,Harrisburgh,Pakistan,2020-09-10
623,Jessica Gay,aodonnell@example.org,South Austin,Dominican Republic,1991-04-29
624,Bobby Davis,ashleymclaughlin@example.com,Clarkmouth,Germany,1980-03-25
625,Donald Lucas,bdalton@example.org,West Joseph,Mali,1987-11-06
626,Erik Hill,martinjennifer@example.com,North Vanessaside,Ethiopia,1983-01-16
627,Melissa Stafford,hmelton@example.com,South William,Fiji,2025-06-15
628,Shaun Cain,emurphy@example.org,North Krystalchester,Slovenia,2008-06-28
629,Clinton Reid,jamespitts@example.net,New Tyler,Macao,2018-12-01
630,Samantha Davis,deborah10@example.net,Jamesshire,Albania,1972-07-04
631,Elizabeth Gill,pmerritt@example.net,Terriport,Mozambique,1994-11-29
632,Jenna Harrison,andersondavid@example.com,Port Jenniferland,Fiji,1978-10-07
633,Whitney Norman,tgardner@example.net,Beardland,Cape Verde,1970-01-26
634,Joy Daniels,rhonda59@example.net,Danielmouth,Burkina Faso,1993-06-02
635,Renee Grant,wrocha@example.net,Feliciaview,Saint Lucia,1980-02-18
636,Norman Ortega DVM,howard40@example.org,East Matthewberg,Kazakhstan,1997-11-12
637,Patricia Griffin,taylorjason@example.com,Smithfurt,Rwanda,2021-01-10
638,Andrea Greene,jessicaday@example.com,West Darintown,El Salvador,1989-04-26
639,Susan Flores,jeffrey52@example.net,Lake Stephanieview,Tajikistan,1974-08-01
640,Laura Williams,tammymiller@example.org,Morsemouth,Zambia,1983-07-04
641,Cheyenne Williams,albertpatterson@example.net,Campbellburgh,Sierra Leone,2008-09-25
642,David Boyer,hansencarlos@example.com,North Shirleyfurt,Belgium,2006-08-27
643,Sean Gonzalez,williemurphy@example.org,Jeffreytown,Guinea,2022-03-28
644,Tyler Petersen,jeremy02@example.com,Port Patricia,Greenland,1980-06-04
645,Scott Callahan,josephmccormick@example.com,East Cynthia,Israel,1986-12-29
646,Julia Lopez,powersbarbara@example.net,Alexanderbury,Argentina,1977-07-22
647,Anthony Aguilar,agonzales@example.com,South Sharonfort,Ecuador,1989-08-01
648,Stephanie Petersen,bowmangary@example.org,South Melissa,Philippines,2021-04-03
649,Samantha Mcgee,stephenmcneil@example.com,West David,Venezuela,2019-06-11
650,Carol Wright,amy96@example.org,Vasquezview,Croatia,1988-12-28
651,Samuel Wright,susan74@example.org,Dawsonmouth,New Zealand,1988-08-29
652,Tina Williams,tylerjones@example.net,Travisbury,Jersey,2011-11-13
653,Hannah Simpson,michael07@example.org,Traceyside,Jordan,1974-12-19
654,Shane Tyler,jonathanmunoz@example.org,Matthewland,Uzbekistan,1989-01-24
655,Bethany Collins DDS,isabellaoliver@example.org,Lake Miranda,Tonga,2021-08-14
656,Jeffrey Oliver,hchase@example.com,North James,Switzerland,1988-12-04
657,Robert Hunt,andreamorgan@example.net,Williamfurt,Cameroon,1990-05-05
658,Alexis Washington,jennifer88@example.net,West Reginald,Bahamas,1985-12-29
659,Robert Gordon,fsmith@example.com,Cookton,Brazil,1980-03-31
660,Jeremy Fletcher,salinaspamela@example.com,Cindyton,Pitcairn Islands,2024-11-24
661,Monica Luna,sbrown@example.net,Jamesborough,Israel,1985-02-18
662,Richard Boyd,mhayes@example.net,West Laurenberg,Chad,1991-01-12
663,Jessica Russell,kgomez@example.net,West Joshua,Nigeria,1977-09-15
664,Victor Murray,brian16@example.com,Lake Ebonyfort,Pakistan,1991-11-02
665,Tara Gutierrez,dhall@example.com,North Sherri,Guatemala,2020-05-18
666,Brandon Moreno,shelby95@example.org,Kanefurt,Greenland,1973-03-27
667,Brandy Williams,elizabethwalters@example.com,Port Brian,Guadeloupe,1998-09-11
668,Jennifer Lopez,kimberlycross@example.org,Wellsville,Fiji,1996-02-08
669,Lisa Jordan,vargastanya@example.com,Flemingland,South Georgia and the South Sandwich Islands,1978-04-03
670,Sandra Taylor,sanchezdaniel@example.net,South Matthewhaven,Hong Kong,1995-05-15
671,Hailey Jones,bakerronald@example.org,Calebmouth,Antigua and Barbuda,1973-07-23
672,Amanda Chapman,griffinelaine@example.net,Gaymouth,Mongolia,2018-02-23
673,Charles Griffin,amberlong@example.com,Kristinland,Turks and Caicos Islands,1985-10-27
674,Aaron Holmes,hernandezerica@example.net,Hurstton,Myanmar,1999-07-07
675,Rachel Kelly,coreysingh@example.com,Leonchester,Kuwait,2010-08-17
676,Lauren Richardson DVM,christine87@example.com,Port Jose,Sri Lanka,2014-09-23
677,John West,aliciagreen@example.org,Katherineville,Djibouti,2024-09-17
678,Jerry Jones,waterschristy@example.com,Jenniferview,Lithuania,2016-03-21
679,Brian Shepherd,reesekimberly@example.org,Dunnland,Yemen,2018-07-12
680,Carrie Olson,brandycoffey@example.net,South Amandafurt,Marshall Islands,1977-08-25
681,Xavier Alvarez,phamilton@example.net,North Lisa,Lesotho,2011-03-24
682,David Patel,xcampbell@example.com,North Mikechester,South Africa,1982-07-26
683,Edward Webster,joseph82@example.org,Anthonyberg,Bahamas,1981-12-28
684,Shannon Mays,vdonaldson@example.net,Savageport,Costa Rica,1986-09-07
685,Jacob Anderson,mfernandez@example.com,West Katrinachester,Colombia,1990-01-14
686,Nicole Cox,wosborn@example.net,Lake Gregory,Costa Rica,1972-06-05
687,Kevin Carr,michellerodriguez@example.net,East Christinachester,Germany,2003-03-22
688,Sonya Rodriguez,pgomez@example.com,Sallymouth,San Marino,1995-10-08
689,Tina Mcgee,rallen@example.net,Hughesside,Canada,1995-06-17
690,Charles Clark,joseph37@example.net,North Anthony,United Arab Emirates,1973-07-19
691,Julian Casey,mckaydorothy@example.com,Port Codyside,Germany,2018-07-05
692,William Jenkins,kylemclean@example.net,Lake Douglas,Afghanistan,2008-01-30
693,Patricia Lynch,montgomeryandrea@example.net,East Joseland,Holy See (Vatican City State),1986-11-21
694,Karen Mitchell,rebecca58@example.net,Lake Billton,Nepal,2015-03-27
695,Travis Bailey,amanda43@example.com,Christopherberg,Seychelles,2007-04-08
696,Jeremy Skinner,carriehernandez@example.com,East Lauraton,Malta,2021-04-29
697,Tiffany Wilkins,calderonjacqueline@example.org,New Davidburgh,Belgium,2011-08-10
698,Julie Wright,saradouglas@example.com,Kyleton,Gambia,1971-03-15
699,George Barber,michellelong@example.com,Bennettmouth,Antigua and Barbuda,2000-12-08
700,Martha Price,joanne12@example.com,West Matthewburgh,India,1973-01-10
701,Dorothy Nixon,theresa33@example.org,Jessicashire,Greenland,1990-12-19
702,Lisa Chen,john40@example.org,New Tonybury,Equatorial Guinea,2001-08-24
703,Brian Stone,cynthia49@example.com,South Aliciaburgh,Niger,1998-11-24
704,April Burke,luiscarter@example.net,Lake Jasonfort,Bolivia,1984-01-30
705,Philip Moore,reedmichael@example.org,Rosschester,Jersey,2014-05-21
706,Daniel Parks,anthonyturner@example.org,Lake Linda,Botswana,2010-12-28
707,Anthony Bolton,troyhawkins@example.net,South Margaret,Netherlands,2012-03-06
708,Phillip Hughes,diazstacey@example.com,Smithmouth,South Africa,1972-01-13
709,Mrs. Lauren Butler,nlowe@example.net,Lake Taylorchester,British Indian Ocean Territory (Chagos Archipelago),2009-03-11
710,Mary Simpson,gabrielle06@example.com,East Susanborough,Peru,2008-03-29
711,Robert Vance,erin50@example.com,South Courtney,Kyrgyz Republic,2006-07-17
712,Cindy Lewis,marcusmarshall@example.net,Jermaineport,Montserrat,2009-03-17
713,Krista Conrad,joshua11@example.net,Manuelton,Kuwait,2002-11-16
714,Kimberly Davis,lsanchez@example.net,Ethanfort,Vietnam,1989-12-21
715,Judy Moody,sandravaughan@example.net,Ericton,Gibraltar,2006-06-27
716,Jamie Jackson,milleramanda@example.com,South Richardview,Mexico,1997-10-13
717,Dana Patrick,lewistyler@example.net,East Kevinside,Poland,2013-02-21
718,Heather Mullins,alee@example.net,Patriciamouth,Turkmenistan,2005-03-25
719,Brianna Lawrence,andrewslisa@example.org,North Hannahmouth,North Macedonia,2004-07-05
720,Tracy Rhodes,jameswilliams@example.net,East Matthew,Iraq,1982-03-30
721,James Knight,thomas64@example.org,Samanthahaven,United Arab Emirates,1999-02-17
722,Paul Richardson,jill58@example.net,Meadowsbury,Saudi Arabia,1984-05-25
723,Mary Henry,holtjose@example.org,Victoriaside,Singapore,2002-07-21
724,Stephen Hansen,pagepaul@example.net,Rickyfort,Lebanon,2025-11-12
725,Allison Phillips,ismith@example.net,Krystalside,Ghana,2011-03-06
726,David Thompson,jordan97@example.org,Frankport,Costa Rica,2021-12-24
727,Andrew Morgan,garnerjack@example.org,West John,United Arab Emirates,2020-09-05
728,Jeffrey Gray,sschneider@example.com,West Rebecca,Andorra,2013-09-10
729,Robert Bennett,kaitlynross@example.org,West Megantown,Kenya,2015-07-06
730,Michele Gross,debbiebarnes@example.org,New Christian,Austria,2019-03-12
731,David Jennings,cherylbishop@example.net,South Sherylside,Svalbard & Jan Mayen Islands,2018-02-23
732,Julie Clayton,rojasamanda@example.com,Port Ashleyfurt,Bangladesh,1987-04-06
733,Jonathan Trujillo,seanmcconnell@example.net,Owenland,Turkmenistan,1984-04-12
734,Katie Harrison,nguyenmarcus@example.org,Port Jasonhaven,Saint Vincent and the Grenadines,2018-08-20
735,Christine Riddle,alexanderlinda@example.org,Conwayport,Bangladesh,1991-09-28
736,Krista Harrison,lynnmelanie@example.org,Grahamfurt,Mauritius,2019-07-22
737,William Townsend,ericfranco@example.net,Weaverchester,South Georgia and the South Sandwich Islands,1980-09-15
738,Samuel Taylor,troyryan@example.com,Williambury,Macao,1970-10-24
739,Robin Lloyd,brian98@example.com,Susanmouth,Uzbekistan,2023-07-22
740,Emily Sharp,alexanderfernandez@example.com,Port Alexandra,Western Sahara,1988-11-29
741,James Bruce,amy28@example.com,Port Natasha,Honduras,1980-11-20
742,Crystal Rodriguez,kathy29@example.org,North Billy,Pakistan,1973-11-07
743,Michelle Wells,evansamanda@example.org,Leeton,Solomon Islands,1998-03-08
744,Kimberly Burton,stewartwendy@example.net,Cooperchester,Grenada,2021-05-14
745,Ryan Russell,donnajackson@example.net,Parkertown,Lesotho,1978-10-31
746,Aaron Marshall,martinchristopher@example.org,Gordonberg,Denmark,2020-11-01
747,David Williams,simmonskelly@example.com,South Johnathanfurt,United States of America,2024-08-25
748,Daniel Allen DDS,prichardson@example.org,Evanschester,Lao People's Democratic Republic,2005-05-05
749,Curtis Colon,nashronald@example.com,South Tiffanytown,Ecuador,2005-10-24
750,Antonio Scott,stantonchristine@example.net,Brownshire,Benin,2020-07-12
751,Joshua Edwards Jr.,washingtonsandra@example.org,East Leslie,Vietnam,1992-08-19
752,Shane Meyer,warrenmary@example.org,Tamarastad,Zimbabwe,2020-07-11
753,Jeremy Franklin,toddmeyer@example.net,Wrightton,British Indian Ocean Territory (Chagos Archipelago),1996-11-03
754,Michelle Turner,jacobbenson@example.org,West Henryborough,Equatorial Guinea,1985-06-16
755,David Patterson,haroldsmith@example.org,Edwardsberg,Honduras,1974-09-26
756,Teresa Salas,danamayer@example.net,Nicholasmouth,Cook Islands,1992-01-21
757,Jason Waller,melaniebates@example.com,New Amandafurt,Turks and Caicos Islands,1977-01-11
758,Sarah Walker,kathryn20@example.net,Collinsside,Afghanistan,2015-05-29
759,Mary Spencer,debrastephens@example.com,New Christianbury,French Southern Territories,2013-06-27
760,Debra Marshall MD,ana57@example.org,Jacksontown,Algeria,2010-04-28
761,Kathy Hernandez,marilynguzman@example.org,Jillchester,Central African Republic,1980-12-17
762,Eric Cooper,jason09@example.org,East Danny,Bahamas,2021-04-21
763,Katelyn Johnson,stuartcarrie@example.net,Jamesview,Kiribati,2025-10-07
764,Kayla King,herreraashley@example.com,Lopezmouth,Paraguay,2016-09-26
765,Joel Maldonado,justinwilson@example.org,Port Carriefurt,Western Sahara,1971-05-11
766,Tyler Morgan,qyates@example.com,South Jeremy,Bangladesh,1984-05-21
767,Shawn Lynch,larryjohnson@example.org,Port Joe,Korea,2017-10-09
768,Margaret Perez,kmyers@example.net,Wolfburgh,Sao Tome and Principe,1973-12-17
769,Daniel Murillo,thoffman@example.org,Xavierfurt,Andorra,2019-08-09
770,Stephanie Wright,garciajoseph@example.org,North Douglas,India,2004-06-06
771,Derek Henson,ereyes@example.com,Herreraville,El Salvador,2010-06-02
772,Kevin Rangel,maddoxjennifer@example.org,New Mary,Bosnia and Herzegovina,2002-12-15
773,Alexander Thomas,penningtondouglas@example.net,Haysmouth,Macao,1988-08-14
774,Stephen Lucas,hjones@example.org,Port David,Haiti,2018-11-08
775,Linda Rodriguez,smithandrea@example.net,West Rebecca,Martinique,1970-03-16
776,Steven Moore,miguelsmith@example.net,Lake Michelleborough,Dominica,1973-03-06
777,Terry Bailey,uwallace@example.com,New Jennifer,Estonia,1973-09-13
778,Ashley Ramirez,garzazachary@example.org,New Susantown,Bolivia,1997-06-18
779,Connor Walker,kevin22@example.net,Williammouth,Gabon,1999-08-02
780,John Ramsey,melissa21@example.com,North Elizabeth,Central African Republic,1992-10-25
781,Alexis Cole,fieldsmichelle@example.org,Leonardton,Isle of Man,1982-01-14
782,Joshua Watts,goodmanmary@example.net,Anitaton,Romania,2005-01-12
783,Martin Cole,carol62@example.org,Devinstad,Greenland,2020-12-03
784,Scott Webb,fordsavannah@example.net,Port Aaronshire,Cuba,2011-03-31
785,Elizabeth Herrera,aaron84@example.com,New Linda,Tokelau,2020-06-13
786,Chris Young,williamsheather@example.org,Travisfurt,Turkmenistan,2011-12-01
787,Tonya Hodge,deniseparker@example.org,Penafort,Jamaica,1997-12-14
788,Kelly Swanson,paulbrown@example.org,South Rhonda,Oman,2003-04-11
789,Shari Shields,lewisgwendolyn@example.org,Hoffmanside,South Africa,1996-07-18
790,Martha Murphy,knoxjacob@example.net,Patrickview,Cameroon,2018-03-25
791,Sydney Armstrong,carolyn74@example.org,Port Wesleymouth,Guatemala,1984-07-04
792,Joshua Mercado,nvillanueva@example.net,Lynnfort,Nepal,2019-01-27
793,William Clark,brooksveronica@example.net,New Kelly,Cameroon,1974-05-06
794,Colleen Smith,meaganschmidt@example.com,Evansside,Liechtenstein,1994-03-09
795,Kenneth Stevens,collinsjessica@example.org,Lake Natalie,Ecuador,2009-01-20
796,Rebekah Guerra,kevin05@example.net,New Charles,Bouvet Island (Bouvetoya),2001-07-22
797,Jose Wagner,elliotttimothy@example.org,East Fredstad,San Marino,2018-01-29
798,Nicole Saunders,mrobinson@example.com,Brianmouth,South Africa,2018-07-09
799,Lisa Mckenzie,rhonda21@example.org,Haleychester,Luxembourg,1981-11-27
800,Susan Gonzalez MD,fking@example.com,East Barbaramouth,Senegal,1970-11-19
801,Derek Jones,dhooper@example.net,Arroyoberg,Saudi Arabia,2016-06-28
802,Christina Smith,qsimmons@example.net,Michaelborough,Luxembourg,1992-04-23
803,Timothy Williams,charlescastillo@example.com,Lake Sherryton,Norfolk Island,1997-01-23
804,Larry Fernandez,selenathompson@example.net,Kevinfort,United States Minor Outlying Islands,2004-08-08
805,Peter Rios,joycewalsh@example.com,Huntstad,Turkmenistan,1999-09-01
806,Shari Ball,carlsonlawrence@example.com,West Shannon,Isle of Man,2004-03-24
807,Edward Harris,dawn78@example.com,Port Amyfurt,Somalia,2025-03-17
808,Sara Anderson,andersonmikayla@example.net,Port Jonathan,Germany,1970-04-16
809,Brandi Olson,simmonsjonathan@example.com,Johnchester,Greenland,1982-04-14
810,John Salazar,operry@example.net,New Julieshire,Guernsey,1983-09-19
811,Kaitlin Morales,ariasheather@example.net,West Rodney,Burkina Faso,2025-11-04
812,Felicia Cole,paulmatthews@example.com,Garciahaven,Costa Rica,2021-12-06
813,Stephen Estrada,thomaskenneth@example.org,Port Jennyberg,Kiribati,1994-12-15
814,Joel Williams,fritzkim@example.net,Mitchellburgh,Switzerland,1977-05-18
815,Ryan Brooks,robertssydney@example.org,Port Christineville,Comoros,1973-04-11
816,Hannah Meza,mfarmer@example.org,East Katherine,Macao,2018-07-18
817,Jean Gilbert,cummingscharlene@example.org,Jeremiahfurt,Denmark,1974-06-16
818,Wendy Chen,bowmanjamie@example.net,New Whitney,Yemen,1974-06-08
819,Alexander Jennings,leon38@example.org,Shawnside,Malta,2000-06-20
820,Marc Zimmerman,valenzuelamelissa@example.org,Lake Elizabethport,Haiti,1994-12-16
821,Christine Roy,malikferguson@example.net,Lake Adam,Ethiopia,1980-09-11
822,Jeremy Garcia,jtownsend@example.net,Tuckertown,Nicaragua,1978-08-24
823,Thomas Kaufman,xrobbins@example.com,New Benjamin,Mozambique,2015-11-29
824,Nicholas Zamora,vazquezmatthew@example.net,East Caroline,Anguilla,1975-04-22
825,Michael Johnson,mbeard@example.org,Flowersfort,Australia,1987-12-24
826,Michael Holland,matthewwilliams@example.net,Port Vincent,Swaziland,2015-01-01
827,Daniel Jenkins,uharrell@example.com,New Jennifer,Christmas Island,1989-11-01
828,Jeremy Patton,lambertdebbie@example.com,South William,Croatia,1987-06-20
829,Antonio Buchanan,holly20@example.net,East Amychester,Equatorial Guinea,2004-03-01
830,Keith Abbott,yjones@example.org,Loganburgh,Mayotte,1995-05-09
831,Joseph Anderson,npowell@example.org,Port Elizabethberg,Hong Kong,2012-12-18
832,Andrew Coleman,lmorris@example.com,Port Barbarabury,Romania,1994-12-27
833,Michael Perez,benjamin98@example.net,Matthewberg,Saint Martin,1996-01-22
834,Kaylee Hernandez,larry87@example.net,Jameshaven,Belize,1989-10-05
835,Nancy Townsend,jesse12@example.org,North Loriport,France,2015-12-14
836,Darren Rodriguez,robert80@example.net,Jackieport,Philippines,2017-06-30
837,Brianna Higgins,batesbryan@example.net,Shawnport,Benin,1996-01-03
838,Marcus Sanchez,robinlee@example.com,East Adrianview,North Macedonia,1998-10-21
839,Angie Curtis,pattonchelsea@example.net,West Michelle,Iceland,1974-02-16
840,Bruce Osborn,smason@example.com,Natalieside,Austria,1986-10-07
841,Kristin Hudson,harriskristina@example.net,West Stephanie,Oman,1971-07-27
842,Robert Dickerson,paige32@example.com,Lake Leslie,Sao Tome and Principe,1994-05-03
843,Elizabeth Johnson,jmeadows@example.net,East David,Indonesia,2011-04-23
844,Ms. Susan Davidson,ashleybeth@example.com,Samanthamouth,Cook Islands,1985-04-03
845,Christopher Bolton,laurie74@example.net,Bartonport,Kiribati,2010-04-04
846,Gary James,melissa40@example.com,Peterhaven,Zambia,1995-05-14
847,Yolanda Parks,jacqueline77@example.com,New Ronaldmouth,Guinea,1997-06-28
848,April Collins,robert55@example.com,Edwardschester,Paraguay,2014-04-07
849,Joseph Gibbs,raymond37@example.com,Port Janetburgh,Moldova,1972-09-22
850,Dustin Gray,sheilamiller@example.com,Dakotaport,Burkina Faso,2008-10-31
851,Sarah Long,murphykatrina@example.net,Phillipsside,Central African Republic,1984-10-19
852,Diana Carpenter,christopherrogers@example.com,Lake Barbara,Cameroon,1972-12-18
853,Ryan Villegas,katie33@example.org,Herringborough,Pitcairn Islands,1972-02-19
854,Mark Collins,kimberlydeleon@example.net,South Courtney,Guam,2009-05-13
855,Taylor Perez,ibarr@example.org,South Tricia,Northern Mariana Islands,1995-05-26
856,John Martinez,onealrebecca@example.com,West Tracy,Cameroon,1982-05-12
857,Amy White,jpratt@example.net,East Lee,Egypt,1999-10-15
858,Michelle Allen,danielmorris@example.net,Armstrongmouth,Brazil,2002-09-27
859,Teresa Garcia,garrisonlydia@example.org,Port Tonya,Samoa,2001-08-30
860,Miguel Erickson,danielscurtis@example.net,North Anthony,Heard Island and McDonald Islands,1985-05-24
861,Mrs. Jessica Fletcher,ewilliams@example.net,Hooperville,Aruba,2019-12-22
862,Zachary Kim,ishields@example.net,Ruthmouth,Tokelau,2001-06-19
863,Michele Boyd,madisonbeck@example.org,South Annettefurt,Cyprus,2019-12-07
864,Robert Allison,yvonnewilliamson@example.net,East Brentborough,Greenland,2023-06-12
865,Taylor Cole,ysanchez@example.com,Weissview,France,1991-01-28
866,Bonnie Frederick,ugomez@example.com,South Matthew,Moldova,2016-10-22
867,Melissa Horne,james39@example.com,Lake Veronicabury,Christmas Island,1975-06-28
868,Joanna Lucas,dperry@example.org,Haasmouth,Saint Vincent and the Grenadines,1994-08-19
869,Joseph Meza,jenniferjohnson@example.net,New Christineberg,Congo,1998-04-26
870,Dr. Elijah Pollard,lfranklin@example.com,Wagnermouth,New Zealand,1970-03-20
871,Renee Nash,jessicaphillips@example.org,Lopezburgh,Norway,2004-06-01
872,Allison Williams,brenda54@example.net,Kendraberg,Burkina Faso,1999-07-18
873,William Thomas,joshua82@example.net,Lake Alexisfurt,Latvia,2007-10-08
874,Andrew Calderon,samanthabaker@example.net,New Phillipburgh,Philippines,1976-12-14
875,Aaron Best,amandagonzales@example.org,New Kimberlymouth,Grenada,1990-07-24
876,Gregory Santos,lsimmons@example.com,Salazarton,Hong Kong,1970-08-04
877,Shane Walker,cindygray@example.com,Brownton,Tanzania,1997-12-28
878,Cynthia Brady,amanda99@example.org,Hobbsside,Kiribati,2007-01-09
879,Daniel Little,katrina30@example.net,North Jamesport,Montenegro,1978-01-24
880,Jesse Lopez,donnafreeman@example.org,North Alexanderside,Namibia,1992-11-26
881,Courtney Miller,johnsantos@example.org,Luiston,Nauru,2003-12-13
882,Jordan Johnson,wendybell@example.com,Anthonyside,Senegal,1990-09-27
883,Aaron Lopez,gonzalezbobby@example.org,Malloryburgh,Martinique,1988-07-09
884,Edward Lopez,cbrown@example.org,Amyberg,Micronesia,2010-11-27
885,Elizabeth Rowland,kathrynabbott@example.net,South Patriciaberg,Poland,2019-03-24
886,Diane Harrison,brownpatrick@example.org,Philipbury,Western Sahara,2001-06-10
887,David Lee,desireesmith@example.com,Dawnton,Gabon,1974-12-01
888,Nathan Yang,andreafitzgerald@example.com,Colefort,Benin,2021-05-30
889,Angela Perry,katelynadkins@example.com,Moseshaven,Bahrain,2013-03-13
890,Nicole Castro,benjamin47@example.net,West Miketown,Christmas Island,1972-03-01
891,Patricia Johnston,gdelacruz@example.com,South David,Hong Kong,1977-03-19
892,Daniel Medina,joshuacameron@example.org,Richardsonside,Egypt,1983-04-18
893,Francisco Castillo,jason22@example.com,East Carrie,French Guiana,2011-04-02
894,Sean Williams,cookkimberly@example.net,Nancybury,Spain,1972-08-23
895,Brittney Bowen,fergusonjoshua@example.com,East Matthewfurt,Djibouti,1985-04-18
896,Misty Walter,fullersean@example.org,Lake Andrewberg,Philippines,2003-08-17
897,Nichole Weiss,mstrong@example.com,Johnhaven,Mauritius,2013-11-20
898,Meghan Ferguson,ashley50@example.net,Richardsonstad,Turks and Caicos Islands,2019-03-07
899,Stephanie Hull,khutchinson@example.net,Bishopview,Thailand,1999-11-05
900,Lauren Jones,qsmith@example.com,Port Oliviastad,Cameroon,2003-11-20
901,John Simon,gholland@example.com,Davidshire,China,1998-04-19
902,Jacob Johnson,ekline@example.com,Carlton,South Africa,2025-09-23
903,Stacey Gutierrez DDS,gfletcher@example.org,West Mariah,Azerbaijan,2018-12-24
904,Gregory Mckenzie,barnesmichele@example.org,South Robert,Jamaica,1974-12-12
905,Angel Li,edwardtodd@example.com,West Cindyhaven,Cuba,1994-01-02
906,Heidi Roberts,jeremiahsmith@example.net,Garciaton,Solomon Islands,2024-06-06
907,Robert Barr,njohnston@example.net,Susanshire,Oman,1989-08-28
908,Kara Sandoval,ericksonlonnie@example.com,New Derrick,Belize,1983-08-28
909,Danny Cruz,isanchez@example.com,New Karina,Cote d'Ivoire,2026-03-06
910,Carolyn Mcbride,velasquezjesus@example.net,Lake Timothymouth,Vietnam,1991-02-22
911,Stephen Mejia,gzuniga@example.net,East Loganview,Norfolk Island,1995-04-16
912,Lacey Mann,robertmann@example.com,Saraview,Tuvalu,1999-06-16
913,Robin Evans,jennifer36@example.com,East Geraldberg,Brazil,2008-02-10
914,Heather Wright,hendersonkristina@example.org,New Christopherstad,Japan,1992-05-12
915,Mark Mcdonald,qmorgan@example.org,Saraburgh,Martinique,1997-08-16
916,Jeffrey Ramirez,danielle58@example.com,Lake Robert,Uzbekistan,1978-06-09
917,Dr. Miguel Herrera,rebeccamyers@example.net,South Tony,Iceland,1992-03-19
918,Angela Roth,mariapalmer@example.org,East Derek,Portugal,1987-08-17
919,Brian Black,wolfmary@example.org,North Henryhaven,Malaysia,2014-08-13
920,Misty Baldwin,vellis@example.com,Anthonyborough,Pitcairn Islands,1982-07-06
921,Jamie Padilla,robertallen@example.com,Lisaborough,Latvia,2019-01-25
922,Robert Salinas,perezcathy@example.org,Kaitlyntown,Oman,2013-04-20
923,Jill Bennett,rachelgriffith@example.com,Mayerberg,Georgia,1995-02-14
924,Jennifer Little,amanda89@example.org,East Douglas,Azerbaijan,1971-10-10
925,Danielle Chen,sgibson@example.net,South Candace,French Southern Territories,2002-10-23
926,Sara Davis,cory61@example.net,Robertchester,Turkey,1987-03-19
927,Cindy Manning,evelynstokes@example.com,New Kevinton,Lesotho,1980-11-22
928,Ryan Novak,williamssean@example.org,Daymouth,Cook Islands,1982-09-06
929,John Chen,rwheeler@example.org,Nelsonshire,Turkmenistan,1989-04-14
930,Michael Kelly,kayla92@example.com,Olsonmouth,Cambodia,2024-01-15
931,Madeline Stone,laurencollins@example.org,West Carol,Lao People's Democratic Republic,1981-05-08
932,George Jackson,joshua74@example.com,Grahamview,Qatar,2004-11-14
933,Carrie Smith,hcabrera@example.net,Lake Brittanychester,Chile,1973-04-30
934,Ashley Harvey,thomas56@example.com,East Jamie,Lesotho,2006-04-05
935,Jay Bennett,garciamark@example.com,Michaelview,Iceland,1974-10-08
936,Allison Stone,scottwolfe@example.net,Lake Stephanie,Guinea-Bissau,2021-05-26
937,Erin Warner,wlynn@example.org,Coxmouth,Pakistan,2010-08-23
938,Tiffany Ortega,medwards@example.net,New Amy,Turks and Caicos Islands,2019-05-23
939,Gerald Jones,jesse98@example.org,Ariasmouth,Israel,1974-09-30
940,Craig Martin,patelelizabeth@example.com,Javierport,Albania,1992-06-14
941,Ellen Bradford,jeremy36@example.com,Ryanmouth,Isle of Man,1982-12-27
942,Jennifer Parsons,snowdebra@example.com,Port Andremouth,Swaziland,2013-08-11
943,Eric Jones,strongnicholas@example.net,Lake Reneeview,Vanuatu,2013-01-29
944,Claudia Thompson,warren27@example.net,Dennisshire,Lithuania,2021-07-01
945,Daniel Figueroa,agonzalez@example.org,Chavezhaven,Saint Pierre and Miquelon,1980-04-14
946,Chelsea Mason,wandarobinson@example.org,Yoderhaven,Nauru,1991-02-06
947,James Duarte,amyvillarreal@example.com,Rhodeschester,Azerbaijan,1998-10-23
948,Jesse Hoffman,katiewilson@example.net,Lake Amandaberg,Tonga,1970-06-05
949,Jennifer Schwartz,sholloway@example.com,Spencerside,Armenia,2008-02-09
950,John Franklin,jeremy46@example.org,North Eric,Benin,1987-03-17
951,Matthew Smith,ashley71@example.org,Christopherberg,United States of America,2014-01-02
952,Edward Baxter,john20@example.net,North Anne,Samoa,2005-01-11
953,Cynthia Morton,rangelkathleen@example.net,Lindaland,Turkey,1983-06-18
954,Amy Cochran,cwhite@example.net,Keithstad,Nicaragua,2006-05-19
955,Wendy Hunt,cnorris@example.com,West Taylor,Senegal,1992-06-08
956,Nicholas Oliver Jr.,eayala@example.org,Johnsonmouth,Qatar,1972-07-19
957,Charles Bell,arthur45@example.net,Garyfurt,Pitcairn Islands,1979-06-26
958,Charles Marquez,gmarsh@example.com,West Amanda,Liechtenstein,1971-08-04
959,Erin Mueller,xmartinez@example.com,West Jenniferbury,Gibraltar,1995-02-14
960,Rebecca Miller,joshua86@example.net,Lowestad,Dominica,2008-06-04
961,Joshua Harris MD,jessicajackson@example.net,Kristaberg,Cameroon,2005-04-29
962,Patrick Mitchell,osalazar@example.com,West Janeburgh,Norway,2015-10-07
963,Brandon Reed,ulopez@example.org,Port Mary,Niue,1997-02-21
964,Michael Wilson,dchavez@example.com,Amybury,Niue,2005-03-15
965,Carl Nguyen,franklinashley@example.com,West Glenn,Lithuania,1990-08-10
966,Jillian Mack,hernandezerica@example.com,New Wendy,Mongolia,1976-08-09
967,Michael Gardner,silvamary@example.net,Blackfurt,Guinea-Bissau,2017-09-19
968,Michael Davila,bwilson@example.net,Fritzburgh,Chile,1971-01-04
969,Yolanda Perry,leahruiz@example.net,Gonzalezfort,Gabon,2013-02-05
970,Jennifer Torres,robertgomez@example.net,Mccarthymouth,French Guiana,1995-06-01
971,Mary Heath,jillianreid@example.com,Marilynside,Belize,1975-10-08
972,Francisco Clark,abullock@example.net,East Jamesstad,Pakistan,1987-10-03
973,Bryan Copeland,cmitchell@example.org,Connieton,Hong Kong,1985-01-02
974,Elizabeth Mcintosh,awilliams@example.net,Lake Alexfurt,Israel,1982-05-07
975,Darren Henry,qevans@example.org,Millershire,Kazakhstan,1973-05-12
976,Samuel Cook,shannon27@example.com,Cassandramouth,Romania,1973-11-11
977,Jeff Mcconnell,laura57@example.net,Riveramouth,Turkey,2009-06-13
978,Stuart Gonzalez,aglover@example.net,West Miranda,Comoros,2023-09-20
979,Richard Price,baileypage@example.net,Jasonmouth,Germany,1985-10-06
980,Brenda Cohen,jrobinson@example.net,East Carlostown,Switzerland,2025-05-07
981,Jessica Stanley,ronald27@example.com,Owensport,Morocco,2016-01-12
982,James Ross,richardmedina@example.org,Ericbury,Lebanon,2017-10-30
983,Sean Williamson,wardkathleen@example.com,Ashleyshire,South Africa,1994-02-18
984,Megan Cummings,wilsonjoseph@example.net,West Christopher,Lebanon,2006-11-20
985,Eileen Morgan,robingolden@example.com,Port Karenmouth,Switzerland,1980-11-29
986,Kim Parker,johnharrison@example.net,Carloshaven,Slovakia (Slovak Republic),2015-02-13
987,Tara Costa,daniel35@example.org,Thomasland,Dominica,2012-07-01
988,John Ramos,morgansteven@example.com,East Janetview,Slovenia,2024-09-25
989,Lee Deleon,cooperjeremy@example.org,West Toddmouth,Belarus,1980-06-22
990,Denise Payne,tannermartha@example.org,East Marissa,Vanuatu,1993-02-05
991,Michelle Sparks,ksnyder@example.org,East Michaelshire,Malta,2023-08-20
992,Nicholas Allen,thomasdurham@example.net,Davidville,Anguilla,1997-10-04
993,Jennifer Davis,bankskristen@example.com,North Kim,Kenya,1980-12-02
994,Zachary Blair,trujillojohn@example.net,Anneton,Guatemala,1973-10-29
995,Diana Olson,andrewestrada@example.com,South Gregoryview,Costa Rica,2005-01-03
996,John Wells,hjones@example.net,Lake Danielport,Russian Federation,2014-01-03
997,Michael Reyes,brandon72@example.net,Dianetown,Grenada,2024-05-31
998,Allison White,gonzaleslori@example.org,Port Katherine,Svalbard & Jan Mayen Islands,1970-06-04
999,Elizabeth Becker,wsingleton@example.org,East Alan,Sierra Leone,1985-07-21
1000,Angela Wallace,anna90@example.net,Millerton,Kuwait,2000-04-26
