product_id,product_name,category,price,supplier_id
1,message,Electronics,1597.14,56
2,generation,Sports,1631.3,74
3,look,Electronics,2709.24,20
4,time,Sports,4038.3,98
5,eat,Clothing,724.19,122
6,adult,Beauty,2770.52,54
7,clear,Beauty,2074.04,108
8,win,Clothing,1007.44,89
9,reduce,Electronics,2115.93,11
10,relate,Beauty,4253.02,102
11,produce,Electronics,2024.04,67
12,sister,Home,3739.67,129
13,consumer,Electronics,1279.84,148
14,eye,Sports,2717.16,4
15,inside,Beauty,529.54,195
16,you,Home,1665.58,171
17,color,Beauty,4631.18,154
18,road,Sports,380.73,143
19,television,Beauty,3925.01,107
20,sing,Home,2174.25,32
21,success,Beauty,4949.18,47
22,turn,Beauty,2948.25,2
23,hot,Electronics,4625.83,79
24,return,Sports,2372.89,35
25,administration,Electronics,1793.63,128
26,poor,Electronics,1057.7,108
27,east,Beauty,2896.48,136
28,others,Home,3248.98,92
29,return,Home,780.8,177
30,money,Clothing,3137.63,197
31,apply,Sports,3777.65,101
32,order,Clothing,2642.09,137
33,small,Beauty,2055.06,188
34,task,Beauty,3974.37,95
35,better,Home,2196.16,60
36,production,Sports,4305.13,156
37,be,Electronics,3598.1,161
38,society,Sports,3813.36,85
39,reflect,Beauty,1545.63,128
40,direction,Home,2422.24,171
41,arrive,Electronics,139.73,78
42,most,Home,1577.94,65
43,send,Sports,1241.42,63
44,have,Beauty,1464.64,55
45,law,Clothing,3873.58,112
46,former,Home,2950.58,129
47,see,Sports,3887.43,47
48,just,Home,232.9,116
49,pull,Clothing,4690.02,168
50,thought,Home,2655.55,32
51,senior,Electronics,2895.33,102
52,stay,Electronics,598.51,194
53,voice,Electronics,648.59,88
54,yes,Electronics,4340.18,50
55,approach,Sports,3922.7,149
56,part,Electronics,4335.39,105
57,develop,Clothing,1099.04,37
58,of,Sports,4510.06,175
59,spend,Clothing,1968.2,39
60,catch,Beauty,1182.52,60
61,bill,Electronics,3958.56,184
62,hand,Electronics,4073.63,30
63,each,Sports,4981.03,124
64,owner,Beauty,2016.69,66
65,example,Sports,3440.27,55
66,Congress,Electronics,4936.54,143
67,student,Clothing,652.63,96
68,arrive,Sports,941.88,73
69,factor,Home,1326.35,5
70,since,Electronics,3494.06,36
71,short,Electronics,1182.1,53
72,one,Sports,2342.97,7
73,prove,Sports,3631.18,29
74,example,Home,2080.82,77
75,just,Clothing,1517.6,194
76,song,Electronics,1123.8,187
77,police,Beauty,2761.05,175
78,meeting,Electronics,1030.47,192
79,evidence,Clothing,135.93,91
80,face,Electronics,4232.73,8
81,dream,Home,2006.59,105
82,eye,Beauty,1008.97,28
83,worry,Electronics,313.83,9
84,finish,Home,3049.63,39
85,floor,Clothing,2481.34,59
86,affect,Clothing,2717.07,108
87,color,Home,3976.55,148
88,determine,Electronics,2084.35,105
89,PM,Clothing,2382.92,196
90,yet,Beauty,3531.13,35
91,school,Beauty,3673.37,79
92,pay,Home,3871.65,110
93,must,Clothing,4803.9,184
94,thus,Electronics,1030.3,77
95,treatment,Sports,2797.08,56
96,soldier,Electronics,1842.29,90
97,recognize,Home,3102.79,43
98,pull,Clothing,3653.12,74
99,list,Clothing,2832.23,71
100,become,Clothing,3236.23,72
101,right,Electronics,4400.62,110
102,sea,Beauty,2370.03,158
103,year,Beauty,1154.19,180
104,could,Sports,3505.54,163
105,argue,Electronics,4775.18,1
106,next,Electronics,1865.45,180
107,top,Clothing,765.31,126
108,easy,Clothing,2929.05,185
109,tree,Clothing,4782.37,114
110,meeting,Sports,293.77,83
111,several,Home,4569.69,62
112,activity,Clothing,1454.39,139
113,nation,Electronics,133.17,72
114,ahead,Home,2551.29,106
115,career,Beauty,1544.81,28
116,American,Clothing,1479.0,9
117,resource,Beauty,1673.99,40
118,music,Electronics,3720.72,50
119,exist,Sports,2547.81,185
120,soldier,Beauty,3581.57,174
121,particularly,Sports,3418.94,16
122,safe,Clothing,1335.08,179
123,poor,Sports,4524.4,50
124,kitchen,Beauty,4627.34,158
125,require,Beauty,584.49,153
126,senior,Electronics,2645.46,106
127,could,Clothing,1390.51,144
128,catch,Clothing,387.47,21
129,bar,Beauty,2294.28,196
130,artist,Sports,539.0,66
131,approach,Beauty,2246.61,192
132,answer,Sports,3652.56,86
133,him,Sports,1078.51,59
134,person,Beauty,445.15,35
135,set,Beauty,189.5,66
136,stay,Home,3707.47,73
137,operation,Sports,2895.58,3
138,after,Clothing,3531.52,19
139,blood,Home,889.0,140
140,necessary,Home,4112.5,144
141,speech,Clothing,2564.4,171
142,read,Clothing,532.4,149
143,than,Clothing,2009.93,73
144,home,Electronics,3353.69,164
145,what,Home,1967.45,175
146,people,Clothing,2224.3,151
147,son,Clothing,3152.73,14
148,see,Electronics,3647.11,163
149,street,Beauty,4616.06,5
150,my,Clothing,314.07,91
151,along,Electronics,492.21,129
152,manager,Home,3201.33,62
153,real,Clothing,2633.02,141
154,tend,Home,2952.58,157
155,star,Beauty,2043.08,65
156,building,Beauty,4277.17,45
157,hear,Clothing,2973.39,120
158,sing,Home,3418.04,33
159,power,Beauty,3383.78,99
160,family,Home,378.09,174
161,chair,Home,1900.14,93
162,article,Home,2734.73,140
163,serve,Beauty,2129.58,100
164,man,Sports,865.21,172
165,tree,Beauty,3144.73,174
166,he,Home,2937.83,107
167,open,Beauty,3383.48,80
168,month,Sports,1231.73,64
169,that,Electronics,1487.74,133
170,tough,Home,547.39,33
171,mean,Clothing,1641.84,15
172,tell,Home,4623.16,1
173,professor,Home,1910.44,80
174,election,Electronics,3871.83,187
175,feeling,Electronics,1534.22,64
176,price,Clothing,2342.97,131
177,begin,Sports,2164.23,32
178,them,Clothing,4127.17,160
179,beautiful,Sports,1365.71,159
180,I,Sports,3293.85,86
181,high,Home,4064.85,95
182,share,Beauty,4704.85,133
183,ask,Home,3744.86,40
184,case,Beauty,1691.13,84
185,note,Sports,1312.24,109
186,arrive,Beauty,375.47,113
187,structure,Beauty,2840.98,128
188,always,Electronics,941.77,26
189,minute,Home,792.07,106
190,various,Home,4900.19,75
191,whose,Beauty,1643.24,11
192,question,Clothing,4643.18,138
193,reduce,Beauty,4881.02,99
194,election,Clothing,159.44,85
195,give,Clothing,4229.45,99
196,kitchen,Beauty,2717.57,133
197,most,Sports,2961.15,166
198,human,Home,3190.94,135
199,support,Home,140.29,107
200,think,Sports,1601.03,83
201,admit,Beauty,2977.96,194
202,article,Electronics,3702.44,112
203,north,Electronics,534.02,13
204,at,Sports,3783.8,164
205,country,Home,3840.91,5
206,perhaps,Home,271.76,198
207,economic,Home,1384.71,18
208,cut,Beauty,597.48,69
209,officer,Clothing,2123.24,178
210,mean,Clothing,829.26,69
211,business,Electronics,3788.36,88
212,fact,Sports,1673.26,80
213,down,Clothing,2666.61,106
214,less,Sports,243.52,123
215,grow,Beauty,1643.48,122
216,them,Home,1320.66,42
217,accept,Home,2380.75,57
218,apply,Home,2147.62,178
219,thought,Clothing,1415.69,127
220,character,Electronics,4751.58,193
221,product,Beauty,676.64,52
222,performance,Sports,3847.25,156
223,perhaps,Clothing,3331.26,22
224,individual,Home,3992.07,113
225,lawyer,Sports,2221.29,188
226,second,Beauty,4178.49,9
227,specific,Sports,472.41,104
228,go,Beauty,985.7,65
229,common,Home,4367.7,21
230,other,Sports,1729.67,149
231,lawyer,Home,4664.4,41
232,down,Beauty,3565.3,186
233,decide,Beauty,541.77,82
234,gun,Home,1864.78,7
235,popular,Beauty,1667.25,21
236,rather,Home,458.96,132
237,daughter,Electronics,3377.65,122
238,about,Sports,1481.9,43
239,you,Clothing,1967.96,171
240,study,Electronics,4901.03,87
241,four,Sports,384.3,53
242,PM,Beauty,1751.14,186
243,color,Home,4279.4,160
244,former,Electronics,1120.99,192
245,four,Home,632.99,69
246,check,Beauty,2505.58,48
247,PM,Sports,1082.67,80
248,reflect,Electronics,3939.23,157
249,increase,Electronics,4707.88,63
250,matter,Home,1401.94,165
251,election,Sports,2414.07,145
252,thought,Sports,139.54,91
253,prevent,Clothing,978.79,133
254,until,Beauty,3233.01,50
255,actually,Beauty,3130.54,2
256,sometimes,Beauty,955.88,96
257,special,Sports,3812.8,193
258,might,Sports,3407.69,34
259,woman,Beauty,3020.23,87
260,few,Clothing,1223.21,113
261,sit,Clothing,1301.86,98
262,take,Electronics,974.83,45
263,seat,Beauty,3785.93,150
264,large,Electronics,3829.5,159
265,artist,Beauty,4856.22,34
266,I,Home,1659.15,104
267,time,Clothing,1931.29,181
268,produce,Home,2960.58,44
269,fish,Clothing,3072.83,113
270,discuss,Beauty,3279.38,74
271,career,Home,4679.82,52
272,suggest,Beauty,619.54,80
273,information,Beauty,3097.79,124
274,class,Beauty,3636.1,17
275,power,Clothing,2639.6,181
276,research,Clothing,4033.04,86
277,article,Electronics,1002.89,15
278,significant,Beauty,2243.35,100
279,research,Electronics,625.92,141
280,prepare,Electronics,1885.46,22
281,eight,Electronics,3712.78,134
282,receive,Sports,4084.62,41
283,perhaps,Electronics,3163.12,156
284,size,Electronics,403.4,124
285,should,Electronics,3078.45,65
286,maintain,Beauty,1614.38,19
287,condition,Beauty,4211.41,28
288,art,Beauty,299.34,161
289,door,Home,966.59,18
290,picture,Clothing,3821.21,99
291,while,Clothing,4452.45,90
292,often,Sports,2213.43,70
293,near,Clothing,3202.44,197
294,surface,Sports,2664.89,102
295,military,Home,3246.77,83
296,how,Electronics,4235.12,74
297,trade,Electronics,4425.95,173
298,worker,Clothing,4720.03,42
299,yet,Electronics,392.19,199
300,government,Electronics,446.39,73
301,who,Clothing,1425.49,59
302,real,Electronics,3139.69,195
303,simply,Clothing,2129.92,89
304,could,Home,2109.94,184
305,upon,Home,1925.27,28
306,page,Sports,662.92,88
307,debate,Clothing,2255.27,124
308,raise,Home,2666.64,11
309,thought,Sports,2681.91,92
310,now,Beauty,3499.49,8
311,thousand,Sports,4546.15,178
312,pattern,Electronics,607.93,56
313,actually,Electronics,4415.09,137
314,hundred,Sports,4857.15,149
315,often,Electronics,1004.26,80
316,spend,Home,380.56,152
317,feeling,Beauty,2059.29,165
318,hospital,Home,4036.37,4
319,behavior,Clothing,4211.95,124
320,need,Clothing,4993.23,75
321,every,Sports,4916.22,76
322,adult,Home,1737.92,38
323,reflect,Electronics,2866.43,121
324,line,Electronics,1361.52,40
325,art,Clothing,3750.65,134
326,market,Electronics,4869.56,25
327,somebody,Electronics,4386.73,32
328,inside,Home,1477.59,161
329,say,Beauty,4954.04,41
330,camera,Sports,206.73,11
331,new,Beauty,2815.89,180
332,my,Clothing,907.09,191
333,star,Clothing,4143.95,97
334,site,Home,3117.47,34
335,center,Beauty,3596.16,147
336,likely,Home,4276.21,67
337,strategy,Sports,3025.31,103
338,me,Electronics,121.95,36
339,wind,Home,2322.77,161
340,anyone,Home,291.0,199
341,pattern,Home,603.18,141
342,past,Clothing,884.08,186
343,travel,Clothing,4980.11,161
344,down,Beauty,3969.84,46
345,our,Sports,390.62,94
346,order,Electronics,661.74,146
347,teacher,Sports,1346.38,87
348,treatment,Beauty,4664.37,14
349,its,Sports,4121.65,105
350,clear,Clothing,3449.2,110
351,down,Sports,613.18,150
352,black,Beauty,863.36,56
353,rise,Home,2254.47,110
354,because,Sports,4189.03,51
355,police,Sports,1113.92,150
356,single,Clothing,1984.8,158
357,present,Clothing,1103.56,49
358,material,Electronics,238.63,156
359,either,Home,3910.26,175
360,contain,Sports,3670.93,9
361,pull,Home,1702.77,91
362,though,Beauty,3967.96,22
363,scene,Beauty,1098.91,180
364,no,Sports,4125.81,117
365,impact,Sports,3477.07,78
366,serious,Electronics,3306.88,93
367,manager,Home,2158.79,183
368,through,Sports,4106.95,104
369,specific,Sports,286.26,138
370,military,Sports,1782.11,91
371,information,Sports,4817.6,118
372,forget,Sports,4687.02,147
373,walk,Beauty,757.75,139
374,pressure,Electronics,1458.36,86
375,Mr,Clothing,2630.04,106
376,maybe,Home,2299.78,17
377,sure,Electronics,379.25,67
378,join,Sports,1541.4,35
379,test,Electronics,4810.1,22
380,positive,Clothing,3988.44,13
381,cost,Home,1263.98,54
382,sister,Electronics,4900.65,78
383,turn,Clothing,3079.85,154
384,bring,Beauty,4128.98,19
385,bar,Electronics,2382.62,116
386,social,Home,3404.78,123
387,garden,Beauty,4607.24,14
388,sometimes,Sports,1997.52,167
389,physical,Clothing,1581.85,51
390,director,Sports,156.3,30
391,weight,Electronics,4439.26,43
392,often,Electronics,4395.11,42
393,officer,Sports,1689.07,193
394,interview,Beauty,3345.91,112
395,center,Electronics,4954.35,182
396,lay,Sports,1501.51,185
397,source,Electronics,765.64,12
398,information,Clothing,2647.18,128
399,seat,Electronics,1156.71,84
400,economy,Beauty,4989.48,13
401,follow,Sports,4844.53,69
402,continue,Beauty,3766.36,170
403,rich,Home,4592.04,65
404,east,Home,3948.64,42
405,person,Beauty,4381.72,88
406,amount,Beauty,1351.49,23
407,rich,Electronics,3740.06,105
408,enjoy,Sports,1666.96,188
409,firm,Clothing,149.69,180
410,strategy,Electronics,3640.84,18
411,feeling,Sports,4924.93,67
412,fast,Electronics,505.72,160
413,summer,Sports,461.72,128
414,data,Electronics,816.07,150
415,heavy,Sports,3931.02,60
416,our,Clothing,4114.91,150
417,hour,Sports,1370.46,52
418,education,Beauty,4324.15,111
419,difficult,Clothing,3034.74,30
420,work,Electronics,3369.08,198
421,character,Home,513.75,168
422,friend,Home,3127.63,126
423,significant,Home,606.15,116
424,out,Home,700.04,191
425,order,Sports,1930.03,10
426,nice,Home,3400.17,174
427,into,Electronics,270.74,157
428,size,Sports,2845.03,57
429,stock,Clothing,4184.01,96
430,various,Clothing,2025.38,138
431,follow,Beauty,4115.39,56
432,Congress,Sports,4825.4,139
433,offer,Beauty,4655.98,122
434,machine,Clothing,506.05,93
435,maintain,Electronics,4870.74,64
436,he,Home,2704.14,180
437,fund,Clothing,3099.72,5
438,theory,Sports,1276.63,70
439,positive,Clothing,2220.62,78
440,on,Beauty,4111.19,113
441,everything,Sports,748.88,169
442,hour,Electronics,268.27,182
443,majority,Beauty,150.29,188
444,speech,Clothing,4319.54,63
445,play,Home,3916.47,64
446,impact,Beauty,3292.35,138
447,act,Clothing,1503.64,45
448,author,Home,1354.17,138
449,structure,Clothing,4317.63,2
450,test,Sports,4374.32,122
451,sure,Beauty,694.72,176
452,Republican,Sports,4067.43,4
453,nature,Home,3153.09,131
454,season,Clothing,4065.77,63
455,part,Home,4829.87,32
456,important,Home,1058.64,154
457,work,Home,4536.98,126
458,work,Beauty,2682.39,155
459,each,Beauty,4459.9,165
460,painting,Electronics,4279.26,45
461,before,Clothing,4525.79,45
462,compare,Beauty,2816.22,120
463,reason,Beauty,4511.73,152
464,bank,Clothing,2453.63,165
465,suffer,Sports,2776.6,190
466,task,Clothing,208.75,24
467,interesting,Electronics,4257.66,38
468,law,Home,1189.27,49
469,finish,Beauty,2231.99,108
470,early,Home,4263.04,56
471,well,Electronics,1066.6,15
472,year,Sports,962.78,178
473,service,Home,4894.99,129
474,politics,Home,532.14,176
475,property,Beauty,4908.35,72
476,language,Clothing,2226.54,13
477,learn,Sports,3641.02,160
478,catch,Clothing,4508.51,25
479,interesting,Clothing,4234.7,161
480,project,Home,2157.08,98
481,through,Electronics,2672.44,49
482,then,Electronics,3599.43,191
483,cultural,Electronics,3390.58,5
484,reason,Beauty,3144.54,148
485,money,Home,3802.0,125
486,here,Clothing,2208.95,182
487,sometimes,Electronics,806.82,70
488,I,Clothing,626.33,193
489,sell,Beauty,575.98,17
490,wife,Clothing,4961.72,106
491,avoid,Electronics,2006.46,3
492,build,Home,1729.88,50
493,visit,Home,233.89,135
494,national,Clothing,2422.45,195
495,whole,Home,1147.87,160
496,protect,Clothing,2286.31,21
497,show,Home,510.67,133
498,nearly,Beauty,4494.87,183
499,reason,Electronics,1749.51,90
500,space,Beauty,872.71,186
501,player,Clothing,4632.31,21
502,consumer,Sports,2176.71,92
503,reason,Electronics,1277.87,25
504,really,Sports,1601.49,128
505,open,Beauty,3481.7,125
506,more,Electronics,656.34,29
507,result,Home,2061.95,36
508,new,Home,537.08,181
509,fly,Home,3924.9,188
510,size,Sports,2484.75,68
511,gas,Sports,4105.09,179
512,half,Beauty,3676.89,4
513,another,Home,4078.06,110
514,mean,Clothing,1421.55,194
515,some,Sports,1366.17,177
516,Republican,Clothing,1019.17,138
517,road,Clothing,2997.81,136
518,today,Home,1735.46,131
519,rock,Sports,4200.87,180
520,service,Electronics,4888.78,115
521,government,Beauty,4448.3,103
522,society,Clothing,620.92,111
523,without,Clothing,1965.41,51
524,last,Beauty,3089.2,93
525,get,Home,2591.23,12
526,pass,Clothing,1431.18,89
527,thousand,Beauty,188.62,82
528,under,Sports,2803.21,54
529,short,Clothing,545.43,145
530,drop,Electronics,3052.89,181
531,continue,Electronics,3415.02,137
532,expert,Sports,1874.22,24
533,investment,Home,3896.7,102
534,quite,Clothing,3384.2,58
535,case,Sports,2495.97,25
536,research,Clothing,299.51,80
537,none,Sports,4563.32,28
538,go,Electronics,623.71,182
539,dinner,Beauty,2865.95,169
540,real,Electronics,4362.52,21
541,give,Home,2225.67,108
542,four,Beauty,2464.4,152
543,carry,Home,1948.46,168
544,senior,Electronics,2091.65,20
545,fall,Electronics,4148.32,80
546,positive,Home,4495.55,81
547,probably,Electronics,497.69,184
548,Mr,Electronics,2370.05,162
549,role,Sports,3835.91,10
550,still,Clothing,3116.92,131
551,leg,Home,3480.81,175
552,worry,Home,4420.09,140
553,clear,Home,2400.01,191
554,company,Sports,2365.23,85
555,effect,Sports,4074.89,13
556,miss,Home,2726.96,83
557,ago,Electronics,3533.23,15
558,street,Beauty,3361.15,184
559,law,Sports,4362.1,133
560,person,Beauty,2328.12,137
561,month,Electronics,1100.72,138
562,place,Home,2716.24,43
563,brother,Beauty,3280.37,168
564,reflect,Sports,602.63,69
565,stop,Sports,1937.16,135
566,stage,Sports,522.44,30
567,democratic,Sports,1005.12,159
568,catch,Beauty,3695.92,162
569,affect,Beauty,2542.96,136
570,personal,Home,3487.71,78
571,bad,Clothing,1205.65,171
572,most,Clothing,3892.31,36
573,painting,Beauty,3189.09,161
574,major,Home,314.65,56
575,race,Beauty,3518.68,31
576,performance,Electronics,1309.46,153
577,traditional,Clothing,4017.27,31
578,authority,Clothing,4598.61,98
579,involve,Home,3637.39,158
580,camera,Clothing,2965.19,50
581,life,Sports,572.73,116
582,wish,Sports,2711.28,77
583,because,Electronics,331.36,161
584,no,Home,531.02,81
585,agreement,Sports,4771.76,149
586,avoid,Home,3662.41,22
587,son,Clothing,2803.67,171
588,party,Clothing,4409.31,120
589,through,Sports,2070.07,43
590,book,Sports,4026.61,28
591,opportunity,Home,2994.52,87
592,employee,Electronics,3567.67,56
593,sing,Electronics,849.76,114
594,fund,Sports,3451.61,96
595,window,Beauty,841.95,149
596,military,Clothing,3165.5,102
597,specific,Beauty,3705.97,39
598,possible,Sports,3782.97,6
599,sign,Sports,179.93,80
600,long,Electronics,4158.21,2
601,service,Beauty,4638.12,79
602,federal,Home,3986.94,91
603,environmental,Beauty,4640.78,160
604,myself,Clothing,444.48,57
605,reach,Beauty,3158.56,40
606,series,Beauty,4326.56,117
607,high,Sports,1770.1,176
608,bill,Clothing,4355.52,35
609,base,Electronics,823.47,110
610,deal,Electronics,1087.24,163
611,difference,Home,1924.55,45
612,season,Sports,295.73,199
613,eye,Beauty,2058.42,9
614,professional,Sports,2722.88,103
615,community,Home,2697.61,39
616,school,Home,2167.66,165
617,pressure,Home,1153.78,163
618,marriage,Home,3998.8,158
619,buy,Beauty,2321.7,30
620,join,Beauty,4648.75,148
621,head,Beauty,2504.16,141
622,visit,Electronics,1036.79,28
623,statement,Clothing,3493.79,28
624,myself,Electronics,2673.55,75
625,and,Electronics,1405.92,24
626,maybe,Sports,1064.39,19
627,goal,Electronics,3463.46,58
628,board,Sports,3380.84,20
629,grow,Home,4257.13,55
630,activity,Home,3909.33,115
631,happy,Home,4861.93,164
632,and,Electronics,3981.05,65
633,remain,Electronics,437.6,86
634,reveal,Beauty,141.69,68
635,agreement,Clothing,170.6,173
636,suggest,Beauty,1861.49,54
637,all,Electronics,3439.57,118
638,effect,Electronics,1279.79,133
639,lot,Clothing,3617.22,117
640,bit,Electronics,328.48,111
641,rather,Beauty,4553.31,63
642,condition,Home,4829.89,109
643,dog,Electronics,3099.0,169
644,serve,Home,2616.46,174
645,forget,Clothing,2797.52,106
646,establish,Home,508.44,199
647,amount,Electronics,319.47,45
648,heart,Electronics,956.33,168
649,save,Home,2224.65,127
650,score,Sports,2700.3,110
651,store,Sports,1688.1,93
652,one,Sports,2331.16,145
653,specific,Home,3607.17,86
654,season,Sports,4578.88,21
655,black,Beauty,3223.17,192
656,mother,Beauty,3251.08,117
657,name,Sports,4988.27,102
658,within,Clothing,4042.7,69
659,bed,Beauty,4850.38,134
660,drop,Clothing,4688.29,22
661,drug,Home,1964.19,58
662,method,Electronics,3872.77,18
663,man,Sports,1380.02,145
664,exactly,Home,4984.96,83
665,him,Home,1409.74,157
666,development,Home,2666.85,107
667,drop,Clothing,1779.35,153
668,something,Beauty,3714.27,28
669,leave,Sports,531.25,23
670,civil,Beauty,1428.76,170
671,party,Home,3600.24,164
672,home,Electronics,4577.55,24
673,second,Beauty,3587.94,51
674,plan,Clothing,2263.02,128
675,method,Sports,1177.66,9
676,current,Electronics,1309.56,52
677,kitchen,Electronics,3375.54,86
678,step,Beauty,4014.22,12
679,fast,Electronics,1952.41,10
680,nature,Electronics,2929.61,182
681,camera,Electronics,3331.14,111
682,fast,Beauty,2706.33,170
683,test,Electronics,3962.82,13
684,when,Sports,2624.74,103
685,since,Home,2254.92,155
686,film,Sports,2461.77,60
687,opportunity,Clothing,2786.71,18
688,painting,Clothing,2648.89,148
689,full,Beauty,3667.12,170
690,his,Sports,1893.76,127
691,glass,Home,1359.49,186
692,someone,Beauty,4303.09,103
693,half,Beauty,1329.25,80
694,movement,Electronics,2289.07,5
695,face,Beauty,4976.3,172
696,how,Beauty,1519.25,133
697,month,Beauty,575.21,118
698,offer,Home,2026.46,138
699,especially,Beauty,204.89,34
700,land,Home,1446.01,3
701,artist,Electronics,4668.29,169
702,sport,Clothing,1976.36,190
703,claim,Clothing,1867.05,118
704,defense,Home,3885.61,190
705,always,Beauty,4767.07,42
706,assume,Beauty,2038.97,185
707,media,Electronics,2300.61,155
708,sure,Sports,2307.08,89
709,population,Clothing,3799.97,9
710,well,Home,4475.29,46
711,it,Clothing,3166.04,115
712,political,Beauty,3414.47,31
713,yeah,Beauty,2215.35,61
714,Mr,Home,2091.34,54
715,minute,Electronics,4845.87,70
716,probably,Beauty,4398.58,78
717,power,Sports,2154.7,15
718,cell,Beauty,3756.44,183
719,resource,Electronics,2744.89,173
720,street,Electronics,2616.14,54
721,that,Home,3558.27,123
722,prepare,Home,824.07,132
723,one,Electronics,1936.7,162
724,eight,Sports,3092.29,105
725,view,Sports,2548.26,115
726,material,Sports,3030.58,62
727,probably,Clothing,939.47,19
728,others,Clothing,2484.41,187
729,ok,Home,744.34,174
730,federal,Clothing,453.55,153
731,so,Electronics,2009.24,195
732,plan,Clothing,664.12,14
733,decade,Sports,4536.14,58
734,door,Beauty,1839.85,80
735,everyone,Electronics,3881.62,121
736,claim,Beauty,1876.96,79
737,thought,Home,1192.99,138
738,government,Home,479.64,136
739,wonder,Clothing,3790.29,168
740,new,Home,2383.21,192
741,movie,Beauty,3696.81,53
742,sometimes,Beauty,3685.6,187
743,pass,Clothing,1110.59,123
744,serious,Clothing,3652.18,40
745,career,Clothing,1589.7,194
746,manage,Clothing,1386.36,97
747,century,Beauty,1965.79,172
748,card,Home,1983.07,185
749,writer,Electronics,417.75,168
750,class,Home,1417.0,169
751,point,Home,1439.64,7
752,total,Beauty,2195.4,185
753,level,Electronics,2738.69,8
754,relationship,Electronics,1717.07,126
755,upon,Home,252.3,199
756,fill,Clothing,328.01,1
757,person,Sports,333.1,5
758,hair,Clothing,1660.84,3
759,attorney,Electronics,3670.41,42
760,hope,Sports,1245.24,176
761,age,Clothing,3456.39,121
762,me,Beauty,3633.02,159
763,firm,Clothing,2418.91,114
764,price,Sports,1977.16,151
765,message,Clothing,4648.51,48
766,child,Sports,1999.28,9
767,early,Home,4819.84,196
768,report,Sports,2385.12,115
769,everyone,Home,1818.4,133
770,off,Clothing,1255.28,106
771,many,Clothing,3722.99,152
772,last,Clothing,1370.95,82
773,camera,Electronics,4029.88,120
774,they,Clothing,450.28,129
775,family,Beauty,1723.34,67
776,great,Home,773.2,181
777,practice,Clothing,2242.17,141
778,should,Beauty,766.23,40
779,actually,Electronics,2317.34,50
780,pass,Sports,2976.64,13
781,build,Sports,4444.58,66
782,fish,Home,3495.8,156
783,lay,Beauty,4499.71,11
784,drive,Electronics,3789.52,145
785,involve,Sports,1143.7,11
786,provide,Electronics,2911.71,159
787,most,Home,3996.33,180
788,mother,Clothing,3330.66,4
789,customer,Beauty,3393.17,152
790,claim,Home,1358.5,44
791,officer,Clothing,2539.74,32
792,thing,Clothing,999.86,25
793,base,Beauty,188.52,129
794,southern,Beauty,1088.31,34
795,war,Beauty,2533.52,132
796,section,Beauty,4916.7,89
797,explain,Beauty,2828.36,72
798,eye,Electronics,166.45,15
799,air,Home,3272.05,21
800,worker,Electronics,4180.41,173
801,of,Sports,3058.32,87
802,ten,Home,2127.61,172
803,wide,Sports,1435.36,147
804,start,Sports,4686.48,55
805,knowledge,Clothing,402.84,154
806,group,Clothing,997.8,1
807,inside,Clothing,1763.84,194
808,wear,Electronics,533.89,106
809,cultural,Home,2272.52,118
810,oil,Beauty,3900.77,14
811,before,Sports,3932.0,143
812,easy,Beauty,236.94,83
813,first,Clothing,3222.12,30
814,increase,Home,1123.7,174
815,ok,Sports,3037.54,9
816,establish,Home,446.44,116
817,black,Beauty,3926.32,55
818,great,Home,3092.72,44
819,financial,Clothing,1066.71,151
820,health,Clothing,1898.86,150
821,anything,Home,2235.36,83
822,able,Clothing,1791.55,92
823,serve,Electronics,671.47,165
824,although,Clothing,557.13,177
825,sell,Sports,3208.71,187
826,fine,Home,647.18,70
827,part,Clothing,3256.08,78
828,film,Clothing,3401.24,148
829,popular,Home,1778.83,24
830,fish,Home,1257.18,154
831,evidence,Beauty,3455.76,71
832,hour,Sports,1463.31,24
833,seem,Sports,3758.36,192
834,within,Sports,1177.88,167
835,glass,Sports,3948.5,172
836,decide,Beauty,2205.25,77
837,science,Home,4483.34,137
838,place,Clothing,4231.79,109
839,point,Sports,1540.3,64
840,card,Clothing,3209.64,75
841,leg,Electronics,708.39,14
842,show,Clothing,2695.05,37
843,take,Sports,3777.17,132
844,create,Beauty,2976.24,177
845,ten,Beauty,2935.46,18
846,respond,Electronics,4088.78,113
847,present,Home,3743.14,29
848,security,Beauty,2751.16,175
849,food,Sports,3728.95,55
850,if,Clothing,3257.06,18
851,care,Home,378.1,191
852,need,Electronics,1216.44,1
853,man,Beauty,2674.28,39
854,between,Electronics,3714.36,119
855,develop,Sports,757.89,37
856,wear,Home,2878.93,1
857,certain,Beauty,2996.0,33
858,home,Beauty,3349.46,116
859,me,Clothing,3689.03,62
860,my,Beauty,4545.79,48
861,large,Sports,4951.36,23
862,strong,Electronics,4295.06,74
863,bit,Electronics,954.07,177
864,hold,Sports,4959.16,70
865,call,Clothing,4264.49,103
866,business,Sports,251.64,161
867,around,Beauty,224.32,39
868,growth,Sports,2909.19,52
869,police,Beauty,3906.29,120
870,allow,Home,3315.84,157
871,occur,Home,3838.79,83
872,everybody,Electronics,4236.73,24
873,simple,Sports,3212.76,128
874,you,Clothing,1954.73,79
875,few,Electronics,3285.1,2
876,play,Sports,2395.28,126
877,memory,Clothing,1615.44,53
878,answer,Beauty,3596.27,135
879,relationship,Home,227.77,35
880,federal,Clothing,3496.18,108
881,her,Electronics,3969.91,32
882,idea,Electronics,1092.88,74
883,use,Home,1205.24,169
884,marriage,Home,4779.69,183
885,whatever,Home,679.49,83
886,floor,Electronics,2509.28,75
887,interest,Beauty,1712.25,76
888,measure,Clothing,1588.53,72
889,sport,Clothing,4750.84,26
890,now,Sports,1059.06,83
891,head,Home,2234.12,75
892,yeah,Beauty,2840.39,87
893,tell,Home,1852.89,53
894,major,Home,4761.33,124
895,most,Electronics,293.73,127
896,wall,Home,586.04,72
897,at,Home,3911.83,169
898,success,Home,2798.13,68
899,medical,Home,638.63,77
900,president,Beauty,3172.48,136
901,environment,Beauty,1206.86,171
902,ok,Sports,4708.6,188
903,science,Sports,3866.24,120
904,seat,Clothing,2854.02,67
905,player,Sports,4074.04,162
906,mention,Beauty,2980.63,42
907,lawyer,Sports,1689.06,80
908,science,Electronics,2063.08,79
909,ahead,Sports,633.99,33
910,else,Beauty,2613.48,96
911,red,Sports,867.38,61
912,general,Clothing,1183.47,130
913,including,Electronics,2090.77,177
914,hear,Beauty,1273.47,140
915,mean,Sports,3210.19,129
916,less,Sports,953.06,47
917,ready,Clothing,3378.51,124
918,establish,Electronics,4150.8,91
919,service,Electronics,2303.7,167
920,any,Beauty,4143.64,180
921,today,Home,1735.12,147
922,travel,Home,2344.91,11
923,agency,Sports,2224.86,107
924,produce,Beauty,1782.52,58
925,account,Sports,501.96,19
926,food,Beauty,1216.33,133
927,mind,Beauty,2521.8,76
928,ready,Sports,1962.35,22
929,so,Beauty,3084.95,109
930,per,Home,481.1,157
931,sign,Beauty,4118.22,195
932,office,Clothing,2874.23,76
933,majority,Electronics,1985.35,12
934,cultural,Beauty,1323.3,196
935,simple,Sports,4858.7,89
936,last,Home,3623.23,156
937,me,Beauty,4569.12,70
938,win,Electronics,1540.97,146
939,specific,Beauty,3953.26,167
940,table,Home,1987.01,153
941,employee,Clothing,1666.91,182
942,happy,Sports,2227.05,189
943,this,Home,4951.46,116
944,other,Home,228.4,186
945,window,Sports,1523.95,21
946,have,Sports,2341.57,196
947,car,Sports,1060.01,139
948,quality,Sports,748.09,83
949,wrong,Home,3820.78,60
950,energy,Clothing,3528.02,124
951,reveal,Clothing,804.54,175
952,require,Home,4553.9,115
953,boy,Sports,545.33,129
954,across,Beauty,1071.75,7
955,technology,Beauty,1609.61,69
956,air,Electronics,2634.42,117
957,follow,Electronics,2767.22,178
958,understand,Home,4227.63,142
959,foot,Beauty,3987.77,151
960,she,Home,3252.5,140
961,seek,Sports,1771.67,93
962,fear,Electronics,542.91,16
963,teacher,Beauty,2807.78,51
964,not,Home,3664.32,45
965,cell,Sports,3746.45,193
966,develop,Sports,4285.73,150
967,able,Home,2857.16,133
968,marriage,Sports,3939.19,156
969,finish,Sports,3997.63,102
970,budget,Beauty,4189.83,9
971,test,Clothing,1694.22,55
972,poor,Electronics,4420.91,84
973,born,Home,1347.82,167
974,because,Electronics,3047.88,49
975,outside,Home,1384.86,4
976,whose,Sports,1357.66,18
977,modern,Electronics,2624.58,67
978,direction,Electronics,1436.52,153
979,interest,Home,2456.18,192
980,or,Home,1088.05,80
981,air,Clothing,4734.68,50
982,father,Clothing,2811.68,44
983,buy,Sports,4936.3,111
984,child,Electronics,387.83,118
985,example,Electronics,4682.11,54
986,offer,Beauty,2405.19,145
987,doctor,Home,3924.95,175
988,always,Home,3789.42,145
989,feel,Sports,646.39,111
990,base,Beauty,4355.11,184
991,work,Beauty,4201.23,90
992,cut,Beauty,1253.22,45
993,purpose,Beauty,1871.92,33
994,most,Home,1570.29,131
995,natural,Home,4578.23,121
996,recognize,Sports,4523.15,184
997,they,Clothing,1958.6,41
998,improve,Clothing,4322.77,134
999,easy,Clothing,2149.21,108
1000,star,Clothing,2286.07,33
