supplier_id,supplier_name,contact_name,email,city,country
1,Ellis Ltd,Derek Buckley,heathermoss@example.com,North Meganville,Jordan
2,Mcdaniel-Grant,Elizabeth Mckee,cgordon@example.com,Melindafurt,Singapore
3,"Bullock, Dalton and Adams",John Roberts,tcooper@example.com,South Christinaville,San Marino
4,Walker Inc,Richard Church,dennismolly@example.net,New Todd,Western Sahara
5,Chapman-King,Rodney Monroe,rebecca05@example.net,Rebeccaland,Japan
6,Black Ltd,Carmen Carter,snowgloria@example.com,Jacksonshire,Mexico
7,Perry LLC,Victor Delgado,gstevenson@example.com,North Davidmouth,Cocos (Keeling) Islands
8,Frazier-Black,Dylan Diaz,margaretschwartz@example.org,Timothyberg,Malaysia
9,King-Soto,Kyle Jackson,marypadilla@example.net,Williamsside,Angola
10,Little PLC,Daniel Jackson,kjones@example.com,Chadshire,Turkmenistan
11,Mercado-Wood,Joshua Russell,james28@example.net,West Deanstad,Isle of Man
12,"Martin, Beard and Vazquez",John Burke,mmiller@example.com,Lake Carla,Saint Kitts and Nevis
13,"Smith, Martin and Johnson",Tyrone Suarez,cpratt@example.org,Port Megan,Guernsey
14,Santana-Little,Bonnie Rios,alicia86@example.org,Port Jerry,North Macedonia
15,Jones-Watts,Shannon Taylor,carrillolorraine@example.com,Alexanderville,Austria
16,Hickman Group,Cindy Stevens,keithwilliams@example.net,Bridgetmouth,Uruguay
17,"Burke, Martin and Snyder",Steven Maxwell,fcarroll@example.org,Jennachester,Tonga
18,Clark-Hanson,Michael Spencer,timothy76@example.org,New Kimfurt,Cambodia
19,Garcia-Valdez,Scott Moore Jr.,haydenmelissa@example.org,South Meganfurt,Cote d'Ivoire
20,Young-Lowe,Megan Frank,pmarshall@example.net,Jaredmouth,Benin
21,"Bailey, Frank and Romero",Catherine Mitchell,anthonyvelez@example.com,East Thomashaven,Sri Lanka
22,Smith-Nichols,Steve Stewart,mcguirelauren@example.net,South Nicholasmouth,Norway
23,Jones-Miller,Steven Burke,ronaldfoley@example.com,New Adamstad,Poland
24,"Rogers, Hudson and Nelson",Jean Gonzales,zbyrd@example.org,Jenniferberg,United States Virgin Islands
25,"Rios, Johnson and Montoya",Christopher Morgan,robert80@example.org,Boltonchester,Tokelau
26,Crosby-Oliver,Kaylee Brown,darrell94@example.com,East Dean,French Southern Territories
27,Miller-Robertson,Carlos Gallegos,simpsonrobert@example.org,Rodriguezburgh,Ireland
28,Jackson PLC,Christopher Diaz Jr.,susantorres@example.org,East James,Latvia
29,Lewis-Mcfarland,Dana Edwards,chelsea01@example.com,West Mariatown,Turks and Caicos Islands
30,Wright-Castro,Benjamin Williamson,santiagodonald@example.org,West Chris,Bermuda
31,Rodgers and Sons,Aaron Black,pearsonjillian@example.net,Andrewsland,Chile
32,"Reid, Patterson and Zavala",Cristina Nelson,williamharris@example.net,Stephenmouth,Qatar
33,Hudson and Sons,Brandon Morse,ajones@example.com,Aaronport,Luxembourg
34,Brennan-Chan,Michelle Brooks,michael31@example.org,Mollyhaven,Eritrea
35,Dunn Inc,Vanessa Munoz,wagnertina@example.com,Lake Amyland,Cocos (Keeling) Islands
36,"Hernandez, Obrien and Sanchez",Samuel Guerrero,friedmantrevor@example.net,Port Andrewmouth,Korea
37,Wood-Lin,Nathan Ellis,kimberly22@example.org,Lake Hannah,Christmas Island
38,Howard-Mejia,Megan Reese,bbrooks@example.net,West Dennis,Wallis and Futuna
39,Conley Group,Jamie Ford,brownmatthew@example.com,New Brandon,Hong Kong
40,Montoya Ltd,Bonnie Tran,daniel60@example.com,North Jonathanmouth,Palau
41,Floyd-Sampson,Emily Fisher,brownfrank@example.com,New Ronald,Germany
42,Bryant and Sons,Shannon Mclean,jefferymiller@example.org,South Isaiah,Aruba
43,Brown Ltd,Nicholas Stewart,hoffmanmatthew@example.com,New Johnville,Saint Barthelemy
44,Morris-Johnson,Suzanne Adams,hodgesjoshua@example.net,Vancemouth,Niger
45,"Key, Garner and Vazquez",John Wright,nlee@example.net,Port Mark,Cayman Islands
46,"Smith, Hamilton and Kelly",Joseph Carter,rodriguezdeborah@example.net,Port Robertmouth,Zimbabwe
47,Mcpherson-Strong,Dale Vaughan,davidhall@example.com,Michaelfurt,Saint Barthelemy
48,Adams and Sons,Matthew Meyer,rodriguezkenneth@example.net,Benjaminview,Saint Kitts and Nevis
49,"Burton, Thompson and Christian",Tracy Webster,carrjames@example.net,North Wendyville,Timor-Leste
50,Keller-Marsh,Hannah Ramirez,bcolon@example.net,South Ryanside,San Marino
51,Kelley PLC,Kevin Bradley,vramirez@example.org,Hoffmanside,Somalia
52,"Lane, Moore and Hayes",Steven French,smithalexander@example.com,Vincentberg,Norfolk Island
53,Fowler-Martinez,Brianna Leonard,hilljordan@example.net,New Thomas,Hungary
54,"Payne, Maxwell and Mcdaniel",Victoria Ramirez,kristineallen@example.net,New James,Heard Island and McDonald Islands
55,"Spears, Little and Ortiz",Jennifer Summers,mathislawrence@example.org,East Gregoryburgh,Korea
56,"Cooper, Schroeder and Sutton",Douglas Weaver,valerie47@example.com,East Ronnieside,United States Virgin Islands
57,Robinson-Hamilton,Doris Garcia,harriscarlos@example.com,New Maxwellshire,Martinique
58,"Hunter, Welch and Perez",Richard Harper,wellsrachel@example.org,New Donaldfort,Peru
59,"Vincent, Joseph and Gaines",Matthew Welch,lori18@example.net,South Jessicaborough,Central African Republic
60,"Brown, Green and Miller",Tina Jackson,adam34@example.com,Lake Rebeccamouth,Zimbabwe
61,Horn-Young,Sarah Moore PhD,lindseygross@example.com,Lake Kristenland,Chile
62,Webb PLC,Cheryl Lynch,norriskimberly@example.org,Byrdburgh,Marshall Islands
63,Daniels-Hernandez,Shawn Haley,sarahjacobs@example.com,Robinberg,Netherlands
64,"Cook, Goodwin and Webb",Michael Rogers,david15@example.com,Sarahfurt,Bouvet Island (Bouvetoya)
65,Miller Ltd,Megan Nelson,amandadavis@example.org,Sharonmouth,Belarus
66,Johnson PLC,Amanda Harmon,narroyo@example.com,Curtisfurt,Mauritius
67,Nash LLC,Christopher Small,renee06@example.net,Michaelchester,Northern Mariana Islands
68,Williams-Cox,Troy Vance,vballard@example.net,Joyceville,Panama
69,Anderson Ltd,Nancy Jackson,mckaynancy@example.org,Millerton,Brazil
70,Ray and Sons,Jill Spears,anavasquez@example.org,Heatherstad,Netherlands Antilles
71,Jackson-Bridges,Mr. Timothy Sparks DDS,hudsonalyssa@example.org,Port Charlesmouth,Pitcairn Islands
72,Rodriguez LLC,Donald Brown,desireetate@example.org,Lake Michelle,Greenland
73,"Holmes, Mcconnell and Chan",Leonard Smith,hrichardson@example.com,North Alexandria,Jamaica
74,Everett-Ayala,Peter Harris,brenda43@example.org,Montgomeryborough,Estonia
75,Campbell-Chandler,Joanna Munoz,patriciaperry@example.com,Port Kristinhaven,Anguilla
76,"Yang, Jones and Green",Christopher Cabrera,priceadriana@example.com,Lake Justinstad,New Caledonia
77,"Lopez, Winters and Williams",Danielle Miller,uwilliamson@example.org,Thomasbury,Congo
78,Smith-Yoder,Alan Mcdonald,pford@example.org,Alejandraland,Taiwan
79,"Morgan, White and Erickson",John Guzman,friedmansteven@example.org,Lunastad,Central African Republic
80,Richards-Mata,Susan Hardin,josephowens@example.net,New Sarahmouth,Serbia
81,English-Williams,Lisa Rhodes,brian49@example.net,West Jesse,Taiwan
82,"Sanders, Kelly and Jennings",James May,xandrade@example.com,South Rachael,Venezuela
83,Johnson-Taylor,Tracey Gould,victoria69@example.net,Kellyview,French Guiana
84,"Ray, Myers and Thompson",Lynn Ortiz,kelli22@example.org,Ashleyhaven,Samoa
85,Glover Inc,Stephanie Jennings,zharris@example.org,Mollyside,Zambia
86,Mcgee Ltd,Richard Collins,cookmichael@example.com,New Meganmouth,French Southern Territories
87,Santiago-Brown,Laura Cain,walkeramanda@example.com,West Sarah,Slovenia
88,Trujillo Inc,Katrina Hernandez,beckymason@example.net,Peckfurt,Montserrat
89,"Benjamin, Bass and Hill",Anthony Daniels,melissamoran@example.net,Josephland,Eritrea
90,"Campbell, Herring and Smith",James Sawyer,teresa80@example.com,South Melissafurt,Cyprus
91,Tran-Stephens,Ms. Claire Golden MD,ngibson@example.net,Thomaschester,Niue
92,Chavez LLC,Johnny Lee,kathleen32@example.org,Adamfort,Kenya
93,Parsons and Sons,Cheryl Thornton,stevenschristopher@example.net,Debrachester,Andorra
94,Ruiz Group,Erin Flowers,robertssara@example.com,Matthewtown,Jordan
95,Neal Group,Joshua Bailey,amandawalker@example.com,Barryshire,Guinea
96,Clark-Robles,Daniel Johnson,vmartinez@example.net,Sullivanshire,Australia
97,Parsons Group,Diane Lamb,mholmes@example.com,Vargasland,Germany
98,Phelps-Harris,Craig Cruz,whale@example.com,Hernandezland,Guam
99,"Gibson, Nelson and King",Regina Valencia,calhounpaula@example.com,Stewartfurt,El Salvador
100,Davidson Inc,Benjamin Phillips,erikarobinson@example.org,Aliciamouth,Tuvalu
101,"Paul, Hall and Neal",Nathan Cardenas,irwinkaren@example.net,Cynthiaville,Belgium
102,Kennedy-Burnett,Samuel Collins,ramoskenneth@example.net,Lake Jeremiahborough,Wallis and Futuna
103,"Reed, Haley and Gonzalez",Barry Miller,douglastaylor@example.com,Port Lisa,Estonia
104,Bell and Sons,Christopher Lowery,anthonycarey@example.org,Gonzalezberg,Russian Federation
105,Chavez PLC,Heidi Lamb,cody89@example.org,Donaldside,South Georgia and the South Sandwich Islands
106,Cruz-Carr,Jacob Aguilar,julie14@example.com,South Zachary,Libyan Arab Jamahiriya
107,"Mata, Garner and Lee",Lisa Johnson,dgonzalez@example.com,West Kathy,Switzerland
108,Brown-Bryant,Mr. Kevin Riddle,chaneyryan@example.org,South Yvette,Guyana
109,Oliver Ltd,Mrs. Tammie Roberson,pduke@example.net,New Stephanieland,Sudan
110,"Graves, Schroeder and Campbell",Mrs. Colleen Moore MD,elucas@example.com,Anthonybury,Papua New Guinea
111,Smith-Kaufman,Amber Diaz,bowersseth@example.com,Davidville,Bosnia and Herzegovina
112,Sosa-Harper,Maxwell Chandler,carolynanderson@example.com,West Rebecca,Guam
113,"Watkins, Hicks and Moreno",Christine Clark,christopher37@example.com,Romeroshire,United Kingdom
114,"Kennedy, Alvarez and Lynn",Lawrence Duncan,santiagoshelia@example.net,North Danahaven,Uruguay
115,Gutierrez Inc,Michael Cole,terri83@example.com,Mosesmouth,French Guiana
116,Wagner-Foster,Kristen Moore,nicholasnovak@example.org,North Danielle,Isle of Man
117,Brooks PLC,Claudia Wu,gcarter@example.com,Michaelberg,Bermuda
118,Crosby LLC,Sarah Atkins,breanna39@example.net,Amandaland,Anguilla
119,Blackwell Inc,Donald Williams,carmen31@example.org,West Jerryside,Azerbaijan
120,Cole-Mason,Amanda Bray,craigricky@example.com,Brittanyside,Kazakhstan
121,"Johnson, Boyer and David",Diane Fuller,robertojoseph@example.org,Kelleytown,United States Minor Outlying Islands
122,Alexander Group,Jill Wilson DVM,hnunez@example.com,West Alexandra,Indonesia
123,Gonzalez-Pena,Marie Vazquez,vincent64@example.com,Port Rachelborough,Paraguay
124,"Skinner, Owen and Powell",Taylor Brown,ashley92@example.net,New Matthew,Australia
125,Robertson-Smith,Daniel Sanders,hpeck@example.com,North Devinview,Guinea
126,Beck-Shaw,Blake Walls,ashley31@example.com,New Jennifer,Kuwait
127,"Willis, Myers and James",Helen Fernandez,williamserika@example.org,Lake Darrenview,Gambia
128,Thompson Ltd,Mr. Anthony Barton,amcgee@example.com,New Kristy,Burkina Faso
129,Blackwell Group,Cynthia Liu,barbara66@example.com,Ryanland,Ireland
130,Hodges-Neal,Craig Baldwin,pestrada@example.com,West Toddmouth,Brunei Darussalam
131,"Hopkins, Brown and Holmes",Catherine Kelley,richard50@example.org,Lake Jasmineberg,Eritrea
132,"Hansen, Wilson and Miller",Sarah Howard,katrina58@example.net,Heatherton,Bolivia
133,"Cox, Drake and English",Thomas Mcdonald,xgrant@example.com,East Jordan,Eritrea
134,Strickland-Powell,Adam Patrick,graymark@example.com,Danielfurt,Guadeloupe
135,"Calderon, Jacobs and Downs",Kevin Wilcox,pstevenson@example.org,Stephanieburgh,Uganda
136,Wood-Morgan,Michael Mercado,wdougherty@example.com,Crystalmouth,Cyprus
137,"Kim, Cobb and Boone",Mark Valentine,davishailey@example.org,Michelleburgh,Guyana
138,Smith-Stokes,Taylor Butler,larsenlindsey@example.com,Port Roseville,Botswana
139,Jenkins LLC,Jose Manning,samantha99@example.org,North Kevinville,Qatar
140,"Ramirez, Stewart and Bruce",Jimmy Thomas,nicholas40@example.org,West Amberborough,French Southern Territories
141,Salazar-House,Joseph Kerr,peter73@example.org,Pattersonside,Vietnam
142,Hubbard-Carroll,Melvin Anderson,whitney28@example.org,East Anthonyview,Burundi
143,"Gaines, Norton and Reeves",Kevin Freeman,tracy48@example.com,East Edwardfort,Monaco
144,Brown Group,Aaron Campbell,asmall@example.org,Lake Julieland,Guinea-Bissau
145,"Wells, Wells and Lee",Jill Mueller,stevenstimothy@example.org,Samanthafort,Namibia
146,West Inc,Samantha Davis,irocha@example.net,Tylerhaven,Namibia
147,Gibbs and Sons,Nancy Cobb,cindy89@example.net,West Jackfurt,Ireland
148,Johnson PLC,Eric Mason,gschaefer@example.com,East Tylerbury,Niger
149,Tran-Cline,Adam Allen,kimberlymiller@example.com,Richardsonland,United States Minor Outlying Islands
150,"Russell, Ford and Stewart",Stephanie Jackson,diamondgutierrez@example.net,Port Kathleenbury,Ukraine
151,Pittman-Shelton,Patty White,jonesmichelle@example.net,Rossview,Cyprus
152,"Hicks, Schwartz and Cervantes",Danielle Long,thomas82@example.com,Blakeland,Bolivia
153,Butler-Casey,Max Mcintyre,lsmith@example.com,East Danielport,China
154,"Moore, Hill and Mcmahon",Bruce Rhodes III,sherryfuentes@example.org,Hannahborough,Slovenia
155,"Brown, Harris and Nelson",Juan Turner,robertfry@example.org,Wardport,Haiti
156,"Flores, Higgins and White",Michael Williams,hperez@example.com,Port Rhonda,Christmas Island
157,Hall and Sons,Travis Li,anthony24@example.org,Larryview,Switzerland
158,"Rodriguez, Johnson and Gaines",Christopher Hall,allison05@example.com,East Richard,Reunion
159,Martinez-Smith,Kathryn Hunt,annajohnson@example.net,Ruthshire,Timor-Leste
160,Thompson-Greene,Tyler Jones,smithkelly@example.com,Riggsfort,South Africa
161,James Inc,Kristina Nguyen,kimberlyhunter@example.net,Williamsfurt,Nigeria
162,Hodges LLC,Lisa Peterson,baileythomas@example.net,East Stacy,Korea
163,Short-Garcia,James Leblanc,zjones@example.org,Myersmouth,Western Sahara
164,"Weaver, Morrow and Cuevas",Vanessa Fleming,anthonymoss@example.org,Lake Miguel,Aruba
165,Kelly Group,Patricia Lloyd,logan30@example.com,East Paulbury,Equatorial Guinea
166,"Sanchez, Jones and Howard",Kyle Torres,ramirezkenneth@example.com,East Kylemouth,Paraguay
167,"Chavez, Sutton and Franco",Melanie Lopez,linda04@example.net,Kennethfurt,Vietnam
168,"Norris, Kennedy and Peterson",Kristy Spencer,logan30@example.org,Brauntown,Antarctica (the territory South of 60 deg S)
169,"Simmons, Henderson and Miller",Maureen Hill,james46@example.com,East Rebecca,Mali
170,Blevins-Ross,Veronica Price,smithmaria@example.org,South Haroldmouth,Ireland
171,"Moreno, Kelly and Green",Kayla Randolph,whitejohn@example.net,Jamesburgh,Saint Kitts and Nevis
172,"Mccormick, Smith and Glover",Sherry Davis,april03@example.net,South Gregory,Belarus
173,Mason and Sons,George Hancock,leekevin@example.net,West Jeremy,British Indian Ocean Territory (Chagos Archipelago)
174,Marks Ltd,Tonya Schneider,stevenballard@example.net,North Jessica,Egypt
175,Hall LLC,Sarah Robinson,frussell@example.net,Shellymouth,Benin
176,"Andrade, Nelson and Henderson",William Welch,ryanrangel@example.org,Port Christopherbury,Algeria
177,Morgan-Johnson,Mark Moore,htodd@example.com,East Paula,Ethiopia
178,Moore and Sons,Jasmine Compton,carolynjones@example.net,Kylemouth,Angola
179,"Blackburn, Richmond and Johnson",Matthew Allen,christinerivera@example.org,West Robyn,Monaco
180,White PLC,Catherine Coffey,tpeters@example.org,Hallfurt,Haiti
181,Hughes-Smith,Jennifer Allen,masondavid@example.net,South Juantown,Mali
182,"Carroll, Mcneil and Bush",Miss Anne Gonzalez,kellycrystal@example.org,Crossburgh,Anguilla
183,Barrett Ltd,Christopher Liu,laurie54@example.org,Jadeview,Singapore
184,Matthews LLC,Nicholas Shannon,leblancvincent@example.net,Lake Stephanie,Armenia
185,Anderson-Smith,Jose Warren,suewalker@example.com,Orozcofurt,Myanmar
186,Woods-Clay,Aaron Obrien,melissamccann@example.com,Saratown,Kazakhstan
187,Rice-Leonard,Colleen Hanna,rubenwilliams@example.net,Lewisshire,Samoa
188,Johnson-Williams,Michelle Giles,amartinez@example.org,Port Patrick,Rwanda
189,"Johnson, Sutton and Ho",Robert George,sanchezalyssa@example.org,North Dan,Malaysia
190,Long-Wheeler,Daniel Daniels,lauren11@example.com,Heatherstad,Micronesia
191,Smith PLC,Monique Clark,bradley82@example.net,Mariastad,France
192,Massey LLC,Bryce Brown,john47@example.com,East Deborahchester,Palestinian Territory
193,"Camacho, Moss and Rhodes",Dawn Zimmerman MD,annrodriguez@example.com,Millston,Liberia
194,Montgomery Group,Kathryn Clark,mmcguire@example.org,New Debrachester,Tokelau
195,"Ray, Sanchez and Sheppard",Alex Benitez,sharontorres@example.org,Zimmermanberg,Micronesia
196,Thomas-Morgan,Rachel Nichols,karen14@example.org,West Jacob,Mali
197,Allen-Vazquez,Ashley Wright,caitlynbyrd@example.org,Garrettburgh,Honduras
198,Rosales-Flores,Evan Hickman,karen93@example.net,East Kevintown,Kazakhstan
199,Green-Brown,George Becker,chadgarcia@example.com,Lake Regina,Hungary
200,Spence-Noble,Larry Wilson,sarah04@example.com,North Sherrytown,Ethiopia
201,Ewing PLC,Gerald Scott,tuckercathy@example.org,East Kathleen,British Virgin Islands
202,Burton-Mcgee,Frank Love,catherine30@example.org,Lake Carol,Sri Lanka
203,Cole-Fletcher,Chelsea Coleman,regina34@example.org,New Maurice,Saudi Arabia
204,Osborne-Murray,Kevin Kent,marthaoliver@example.org,Ginamouth,Suriname
205,Rivera-Higgins,Jeremy White,gmejia@example.org,Doughertyville,Kuwait
206,Sullivan-Olson,Joann Figueroa,brittanyrodriguez@example.net,Matthewview,Libyan Arab Jamahiriya
207,Ray LLC,Christina Hernandez,alyssakirk@example.org,Jameschester,Luxembourg
208,"Hurst, Gibson and Marshall",Deanna Green,pperry@example.net,Allenberg,Lithuania
209,Cooper-Brown,Diamond Moreno,mariewashington@example.com,Foleyton,Latvia
210,Allen-Larsen,Joel Banks,michaelsantana@example.net,Port Andrewport,Qatar
211,Miller-Carroll,Michael Ryan,jeffrey55@example.org,Nicholsonport,El Salvador
212,Reynolds-Gibson,Melinda Cantu,christine51@example.com,West Andreaburgh,Barbados
213,Rosales Ltd,Matthew Levine,sryan@example.net,West Christineport,Ecuador
214,Davis-Evans,Jennifer Weaver,suarezfrancisco@example.net,Laceystad,Qatar
215,"Klein, Smith and Williams",Roger Clark,cathymelton@example.net,East Alanbury,Ireland
216,"Fisher, Nguyen and Sanders",Brenda King,jennifer77@example.com,South Allen,Qatar
217,"Young, Ruiz and Powers",Dr. Nancy Freeman MD,diazclayton@example.org,Ballardfurt,Mayotte
218,Knapp Inc,Michael Moreno,laneamanda@example.net,East Laura,Bahamas
219,Hernandez Inc,Kristen Jensen,sandrahicks@example.org,Singletonville,Estonia
220,Weaver-Hutchinson,Tyler Johnson,simpsonchristopher@example.net,Jenniferburgh,Nigeria
221,"Stokes, Morgan and Brady",Haley Meza,sbauer@example.net,Nathanstad,Cook Islands
222,Alvarez PLC,Terry Jones,wcarter@example.net,Adamsshire,Guernsey
223,Brown Group,Logan Gordon,markjackson@example.org,New Shane,Lithuania
224,Rose-Bauer,Beth Lewis,schavez@example.com,Micheleberg,Seychelles
225,Brown-Pugh,Felicia Collins,david78@example.net,Andreaborough,Czech Republic
226,Smith Ltd,Robert Lloyd,jacksonaaron@example.com,North Kyle,Marshall Islands
227,"Ward, Lopez and Trujillo",Alexandra Cooper,dominguezrebecca@example.org,South Georgechester,New Zealand
228,"Evans, Mosley and Reed",Terry Ramirez,william05@example.org,South Kimberly,Barbados
229,"Phelps, Ramos and Goodman",Hannah Gonzalez,piercetimothy@example.org,New Markfort,Singapore
230,Wilkerson-Brandt,Jared Brown,aviladylan@example.net,Kimberlyview,Barbados
231,West LLC,Erik Rivera,vwilkinson@example.com,Craigmouth,Tajikistan
232,Keith PLC,Stephen Williams,sanchezjeffrey@example.com,New Gary,Belgium
233,Phillips Inc,Michelle Mcknight,mooresteven@example.org,North Robertberg,Cambodia
234,Martinez-Butler,Joel Ortiz,johndavenport@example.net,Port Loretta,Bulgaria
235,"Zimmerman, Winters and Howe",Christian Velazquez,ocastillo@example.net,Kingborough,Sudan
236,Hodge-Martin,Daniel Vang,bryanharris@example.net,Brianhaven,Belize
237,Montoya-Martinez,Randy Montgomery,ymorales@example.com,North Joe,Isle of Man
238,Parsons and Sons,Leah Davis,jasonpalmer@example.org,South Jason,Congo
239,Thompson and Sons,Donna Gardner,andrewriley@example.org,Matthewville,Botswana
240,Stout Inc,Christina Davis,preyes@example.com,Dennischester,Jersey
241,Griffin-Gonzalez,Phillip Smith,daniel97@example.org,West Shelialand,Saint Helena
242,"Moran, Kirk and Smith",Rachel Anderson,mcdanielkimberly@example.net,Medinaberg,Latvia
243,Callahan-Hughes,Danny Dominguez,jacobsjose@example.org,Dylanfort,Bahrain
244,Mitchell-Miller,Ryan Garcia,josephferguson@example.net,Davidtown,Equatorial Guinea
245,"Morgan, Wood and Ballard",Tyrone Nolan,cynthia18@example.org,Howardland,Solomon Islands
246,"Murphy, Morris and Bishop",John Weaver,jasonoconnor@example.com,Ferrellville,Guatemala
247,Vazquez Group,Angela Andrade,jimenezchristina@example.com,Port Keithstad,Ghana
248,"Lopez, Curtis and Henry",Jamie Moore,avaughn@example.org,Margaretland,South Georgia and the South Sandwich Islands
249,Nichols Inc,William Norton,michael12@example.net,Williamberg,Togo
250,"Jones, Johnson and Graham",Jesus Garrison,joshua31@example.org,Thomasland,Montserrat
251,"Phillips, Juarez and Baldwin",Morgan Soto,hcampbell@example.com,Kimberlymouth,Germany
252,Smith-Lopez,Daniel Miller,ekoch@example.org,West Brian,Vanuatu
253,Carpenter LLC,Wayne Thomas,keithjacobs@example.org,Mikeland,Greenland
254,Harris-Foster,Catherine Rodriguez,jason33@example.org,Port Staceyville,Cocos (Keeling) Islands
255,Davis Inc,James Simmons,richardslatoya@example.com,Markfurt,Belarus
256,Peterson Inc,Courtney Stuart,biancalogan@example.net,Kellifort,Isle of Man
257,Gonzalez-Hall,Joseph Keller,rhodesjohn@example.org,Lake Elizabeth,Bermuda
258,"Kramer, French and Evans",Erik Gonzales,powelljames@example.com,Seanville,Isle of Man
259,"Johnson, Marshall and Montes",Lisa Fischer,ehayden@example.com,West Roberttown,Saudi Arabia
260,Mata Inc,Roger Velazquez,jennifermills@example.net,Lake Davidfort,Panama
261,Duran-Olsen,Jacob Taylor,collinsjohn@example.net,Brownfurt,Moldova
262,Bowen-Wade,Daniel Castro,westkrystal@example.org,Johnchester,Mexico
263,"Foster, Meyer and Wright",Aaron Cervantes,rhunt@example.com,North Nicolemouth,Macao
264,Beck-Byrd,Susan Dominguez,michelle41@example.net,Lake Timothyport,Monaco
265,"Howell, Obrien and Kelly",Ernest Washington,victor28@example.net,Lake Ashlee,Reunion
266,Pope Inc,Brian Miller,bestdeborah@example.com,West Tracy,Turkey
267,Harris-Peters,Betty Carpenter,shawndouglas@example.org,Port Gregory,United Arab Emirates
268,Rivera-Schwartz,Richard Carroll,hmurphy@example.org,Port Randy,Dominica
269,Evans and Sons,Michael Sutton,sthompson@example.net,Douglasview,Argentina
270,Wright-Johnson,Jamie Holmes,christopherrobinson@example.net,Charlesport,Bahamas
271,Sims-Williamson,Dustin Butler,molly63@example.org,South Dawn,Croatia
272,Martinez-Dixon,William Casey,phamilton@example.com,Turnerbury,Colombia
273,Martin-Morrison,Paul Alvarado IV,frogers@example.net,Curryfurt,France
274,"Webster, Burgess and Cross",Jessica Morrison,lisarichardson@example.net,South Thomas,China
275,Weaver-Cantu,Autumn Noble,ybennett@example.net,Hannahfurt,Jersey
276,Christian Ltd,Dustin Mccarthy,frycurtis@example.org,Port Markmouth,Austria
277,"Frazier, Berry and Wheeler",Briana Perkins,danny05@example.net,East Benjaminbury,Bahamas
278,"Brown, Wells and Jackson",Amanda Maldonado,dkelly@example.com,South Amyville,Bhutan
279,Petty Ltd,Cassandra Roberts,wilkersonwendy@example.org,Lake Sarah,Cayman Islands
280,Taylor Ltd,Lynn Hill,reneeperez@example.org,Parkershire,Pitcairn Islands
281,Evans Group,Nancy Ramirez,doyleerika@example.com,North Jose,Poland
282,"Frey, Thompson and Evans",Tara Bates,lcastro@example.net,East Nicholas,Wallis and Futuna
283,"Brock, Collins and Owens",Hayley Rogers,kevin80@example.net,Port Raymondview,Afghanistan
284,"Holmes, Miller and Sawyer",Donald Singh,huntryan@example.com,Carsonhaven,Ecuador
285,Huff Ltd,Susan Fitzpatrick,utaylor@example.net,Elliottville,Nauru
286,Howard-Nguyen,Michael Wagner,mcdowellmichael@example.com,Silvaton,Bulgaria
287,Thompson Inc,Leslie Rosales,tmcclure@example.org,West Johnmouth,Slovakia (Slovak Republic)
288,Schultz Inc,Michael Downs,fdaniels@example.net,East Larryborough,Singapore
289,"Walton, Haney and Alexander",David Brock,hodgesjohn@example.com,Anthonystad,Western Sahara
290,"Fry, Melendez and Walker",Patricia Sullivan,jessicarocha@example.org,Lake Javier,Palestinian Territory
291,Cherry Group,Joseph Martinez,jacob29@example.com,Elizabethbury,Ukraine
292,Price-Ellis,Shelley Wright,glennkatherine@example.net,East Alisha,Central African Republic
293,"Stewart, Dixon and Wright",Jessica Stokes,nmelton@example.org,Aprilshire,Zimbabwe
294,Russell LLC,Michael Whitaker,mitchelldavid@example.com,West Sharonfurt,Paraguay
295,Greene PLC,Patricia Arellano,simschristian@example.net,Allisonland,Tanzania
296,Brown-Mitchell,Roger Smith,clarknicole@example.org,Lake Zachary,Greenland
297,"Oliver, Harris and Smith",Christopher Richards,crystal35@example.org,Sullivanland,Dominican Republic
298,Steele Inc,Troy Salazar,xmata@example.net,East Amystad,Chad
299,Travis-Taylor,Alexandria Thomas,elizabeth66@example.net,North Jeffrey,Svalbard & Jan Mayen Islands
300,Mcguire-Neal,Reginald Murray,jessicadavid@example.net,Khanland,Afghanistan
301,Kirby-Phillips,Allison Rosales,bobbypratt@example.net,South Michaelstad,Gabon
302,"Trujillo, Ramos and Clark",Christopher Powell,logangreen@example.com,Robintown,Vietnam
303,Salazar-Benitez,Emily Bender,aaronmitchell@example.net,Bentleychester,United States Minor Outlying Islands
304,Ward-Williams,Alison Myers,tvargas@example.org,Mariabury,Congo
305,Klein Inc,Jose Wiggins,larsonandrea@example.org,New Andrew,Saint Barthelemy
306,"Richardson, Nelson and Long",Victoria Petersen,ronaldlee@example.org,North Williamland,Germany
307,"Chavez, Rodriguez and Lopez",Desiree Soto,eric28@example.org,Port Timothy,Guinea-Bissau
308,Sims Inc,Brian Christian,iwhitney@example.com,Wallfort,Sao Tome and Principe
309,"Johnson, Castaneda and Ballard",Martin Adams,angelclay@example.net,New Laurenside,Guam
310,Bean-Rodriguez,Tina Ryan,tflores@example.com,Port Kimberly,Yemen
311,"Glover, Dalton and Schroeder",Christina Mcdonald,kenneth00@example.net,Dillonburgh,Tanzania
312,"Shaw, Ward and Glover",Gordon Tucker,williammitchell@example.net,North Rhondafurt,Libyan Arab Jamahiriya
313,"Mora, Reynolds and Ferguson",Chad Johnston,duncanjoseph@example.net,Lake Christopher,Netherlands Antilles
314,"James, Clark and Maddox",Jonathan Sanchez,anthonyyoung@example.com,New Sharonview,Bhutan
315,"Gonzalez, Mora and Rogers",Christopher Thomas,patricia81@example.org,Port Andrewmouth,Ukraine
316,"Walters, Williams and Perkins",Jonathan Lester,hparks@example.org,Robertsonshire,Bouvet Island (Bouvetoya)
317,"Moore, Sellers and Kim",Laurie Perry,adamsdouglas@example.org,Port Jose,Western Sahara
318,Cooper PLC,Andrew Hays,kvasquez@example.net,South Victor,Honduras
319,Arnold-Oconnell,Jennifer Dunn,patricia69@example.com,West Vickiemouth,Samoa
320,"Haley, Le and Mitchell",Lori Young,iflores@example.org,Sarahmouth,Syrian Arab Republic
321,Smith-Anderson,Paula Alexander,blakecannon@example.com,Lake Brittneybury,Kenya
322,Reynolds LLC,Paige Ramirez,ryan12@example.org,Kingburgh,Kyrgyz Republic
323,Sanders-Banks,Hannah Jarvis,carlagarza@example.org,Jasminbury,Bouvet Island (Bouvetoya)
324,Valdez Group,Ashley Perkins,xhudson@example.com,Huertashire,Chile
325,Johnson-Hamilton,John Malone,garciaapril@example.net,Port Alexandertown,Faroe Islands
326,"Wood, Riley and Flores",Ryan Young,fharris@example.net,West Aaron,Mayotte
327,Foster PLC,Noah Lee,ehenry@example.com,Lindaburgh,Antigua and Barbuda
328,Wright-Chen,Mallory Gutierrez,nchang@example.com,Lake Joelstad,British Virgin Islands
329,Edwards-Wright,Kathryn Kim,matthew74@example.org,Hogantown,Malaysia
330,Chapman PLC,Samuel Diaz,larrymiller@example.com,Port William,United Arab Emirates
331,"Johnson, Jones and Harris",Brooke Guerrero,dunntimothy@example.com,Port Matthew,Mayotte
332,"Williams, Bean and Caldwell",Robert Chen,ununez@example.org,Lake Josephfort,Bouvet Island (Bouvetoya)
333,Andersen PLC,Dillon Mcdonald,dawn38@example.org,North Kelsey,South Georgia and the South Sandwich Islands
334,Phillips-Baker,Ashlee Brown,davisheather@example.org,Natashaburgh,Ireland
335,Johnson LLC,Mark Martin,stephenskelsey@example.com,South William,Montenegro
336,Silva-Harrison,Nicholas Krueger,znorton@example.com,Hawkinsland,Jamaica
337,Chapman and Sons,Breanna Wright,thomas60@example.com,New Michelle,Kyrgyz Republic
338,"Wells, Morgan and Stein",Patricia Miller,clucero@example.com,New Henrychester,Norfolk Island
339,Arroyo-Simon,Deborah Sloan,sarahrowland@example.org,Port Jenna,Mayotte
340,Mckee Ltd,Christopher Wilson,coneal@example.com,Lucashaven,Qatar
341,Garcia PLC,Robert Chen,sfry@example.org,Port Sergio,Tanzania
342,Clark-Silva,Mr. John Williams DDS,mercerkenneth@example.com,West Anaview,Eritrea
343,Clark-Hayes,Lauren Mcconnell,jeffrey05@example.net,Teresabury,Faroe Islands
344,Mendez Ltd,Rachael Murray,jodonnell@example.net,Lake Christopherhaven,Namibia
345,Thomas LLC,Stephen Burch,daniel06@example.net,Port Deanberg,France
346,"Harrison, Holloway and Johnson",John Moon,xcox@example.org,Bellberg,Korea
347,"Mendoza, Rasmussen and Farmer",Jonathan Roberts,gherrera@example.com,West Nicole,Malta
348,Davis-Berger,Tiffany Schroeder,xray@example.org,New Paulchester,Greenland
349,"Boyle, Smith and Chen",Paul Mitchell,carrielee@example.com,South Angela,Saudi Arabia
350,Perkins-Young,Jennifer Cook,harveygregory@example.com,East Davidburgh,Antarctica (the territory South of 60 deg S)
351,"Walker, Hamilton and Perez",David Leonard,mackrachel@example.org,Christophershire,Guam
352,Young-Williams,Jesse Curtis,ehanson@example.com,Wrightshire,India
353,"Stephens, Martinez and Perez",Anthony Vega,jacobsimpson@example.org,Grantview,Vanuatu
354,Baker LLC,Lisa Jackson,vickieleonard@example.com,West Stacey,Chile
355,Lara-Rubio,Lawrence Hobbs,jonesdawn@example.com,Amandafurt,French Guiana
356,Alexander-Frederick,Tristan Sanders,wballard@example.org,New Kelli,Eritrea
357,"Nolan, Harris and Davis",Mitchell Young,michaeltorres@example.net,Port Johnfort,Austria
358,Sims-Smith,Kylie Davis,gbrooks@example.org,West Noah,Sri Lanka
359,Wells LLC,Martin Townsend,julie35@example.com,East Laurenside,Sri Lanka
360,Carlson and Sons,William Wilson,higginsamy@example.net,Port Susanville,New Zealand
361,Jones-Mccall,Jonathan Brown,gary09@example.org,Kylefort,Uzbekistan
362,Williams LLC,Kevin Keller DVM,christopher63@example.net,Adamsmouth,Uzbekistan
363,Mitchell and Sons,Jacqueline Boyd,cross@example.com,Barnesfort,Lithuania
364,Orr-Wilson,Patrick Brown,nburke@example.com,West Deborahburgh,Belize
365,Murphy Ltd,Dr. Sarah Hodge MD,angelawilson@example.com,East Paigeport,Montenegro
366,"Jenkins, Richardson and Chapman",Paul Vasquez,copelandkristine@example.net,West Brandonshire,Bhutan
367,Sanders Inc,Lori Hinton DDS,devonburnett@example.com,Devinview,New Zealand
368,Thomas and Sons,Crystal Patterson,mercadochristina@example.org,Allenside,Lithuania
369,Young-Jackson,Ashley Carrillo,matajanice@example.org,Port Joshua,Iraq
370,"Smith, Dyer and Braun",Caitlyn Taylor,caleb09@example.com,Port Grant,Honduras
371,Smith-Parsons,Kevin Sullivan,hendersonkathleen@example.com,North Autumn,Saint Helena
372,Boyle PLC,Dawn Robertson,dawn23@example.net,Sanchezland,Latvia
373,Johnson-Mejia,Lisa Baker,sarahmoody@example.net,Martinmouth,Wallis and Futuna
374,"Young, Rhodes and Jenkins",Alexander Fowler,nelsonwilliam@example.com,Juanfort,Uzbekistan
375,Hawkins-Green,Ashley Duncan,timothy16@example.net,New Markborough,Seychelles
376,"Lucas, Davis and Lopez",Robert Gonzales,christophercollins@example.org,Lake Darrell,Comoros
377,Frazier-Martin,Justin Mcclure,duane76@example.com,Port Andrea,Tanzania
378,Thomas Inc,Tanner Lopez,xjuarez@example.org,Lake Dustinmouth,New Zealand
379,Jones-Mcdonald,Thomas Tyler,jessica46@example.net,South Denise,Kazakhstan
380,Daugherty-Bryant,Cheryl Stone,hschultz@example.com,Lake James,Mauritania
381,Murphy-Taylor,Miss Shelly Baker,qwagner@example.org,Simsfort,Palestinian Territory
382,Jones Inc,Kathryn Reid,heather29@example.org,East Dustinland,France
383,"Christensen, Martin and Sanchez",Debra King,phyllis45@example.net,Lake Cristina,Portugal
384,Berry and Sons,Tony Richardson DVM,katrina06@example.com,South Johnhaven,Bangladesh
385,Allen-Ritter,David Martinez,kimdavid@example.com,Lake Jimmy,Czech Republic
386,"Taylor, Bell and Preston",Joseph George,fsingh@example.net,East Alantown,Guatemala
387,Nguyen Group,Javier Young,vmason@example.net,Caseyport,Ethiopia
388,"Shaw, Williams and Melendez",Mr. Michael Taylor DDS,timothywoodard@example.com,Lukefurt,Nicaragua
389,Martin LLC,Jack Roberts,zacharysalas@example.org,Velasquezmouth,Mexico
390,Riggs Ltd,Megan Love,laurenfuentes@example.net,Bellville,Russian Federation
391,"Trevino, Smith and Jacobs",Kathryn Bonilla,johngolden@example.net,Chadton,Swaziland
392,"Bray, Mathews and Park",Victoria Meyer,christopher99@example.net,East Richardmouth,Cuba
393,"Deleon, Nash and Allison",William Carter,patrick68@example.net,South Brandonville,Switzerland
394,Carpenter-Sharp,Victoria Sanchez,jwaters@example.org,East Mike,Gabon
395,Maxwell Inc,Mr. Eric Gilmore,johnsonjacob@example.net,Ashleyside,South Africa
396,Mann-Mendoza,Allen Flores,iramos@example.org,Simpsonland,Niger
397,Jackson and Sons,Randy Davis,katie14@example.org,Michaelmouth,Guadeloupe
398,"Lawson, Anderson and Eaton",Shane Williams,amber83@example.net,Rodriguezfurt,Korea
399,Kim Inc,Jesse Lopez,lindsaynorris@example.com,Adamburgh,Kenya
400,"Shannon, Baker and Hobbs",Kyle Johnson,christyvaldez@example.net,Elizabethmouth,Sierra Leone
401,Kelley-Davidson,Dalton Hawkins,brownveronica@example.net,Lake Tracey,New Caledonia
402,"Kemp, Chavez and Gonzales",Stacey Brown,lewistimothy@example.org,Williamland,Anguilla
403,"Rogers, Patton and Hendricks",Richard Hogan,brittney08@example.org,Jessicachester,Morocco
404,Gibson-Jones,Mr. Joshua Simmons,ucampos@example.net,North Lisa,Barbados
405,Griffin PLC,Jeremy Anthony,ashleysnyder@example.org,Port Mark,Latvia
406,"Fox, Moss and Brown",Melissa Chandler,melissapatrick@example.org,New Kristinstad,United States of America
407,"Davis, Myers and Snyder",Sarah Hernandez,jamesmoore@example.org,Johnsonville,Mauritania
408,Hernandez and Sons,Jesse Hood,amycarrillo@example.net,Port Brittany,Philippines
409,Carter-Watkins,Brianna Lawson,jeffrey93@example.net,Millsshire,Bhutan
410,Simmons-Ball,Natalie Zavala,urobertson@example.net,Jacobsonview,Wallis and Futuna
411,"Lawson, Ashley and Simpson",Margaret Chandler,andrewramirez@example.com,Williamsland,Germany
412,Edwards-Barnes,Margaret Jackson,ktaylor@example.com,Brooketon,Tuvalu
413,"Barnes, Reed and Richardson",Justin Rasmussen,gamblerobert@example.com,Port Danielfort,Tajikistan
414,"Medina, Brown and Johnson",Tracy Rivers,ashlee02@example.net,Wrightfurt,Korea
415,Moore and Sons,Maria Smith,peteradams@example.net,New Rickyville,Colombia
416,Bailey-Smith,Matthew Maldonado,michael93@example.net,Judyborough,Cape Verde
417,Hudson-Johnson,Morgan Wise,freymark@example.net,East Carolyn,Germany
418,Moore Ltd,Douglas Griffith,nwarner@example.org,East Christophershire,Dominican Republic
419,"Mcbride, Wilson and Price",April Larson,jason55@example.net,Port Lauren,Congo
420,Sanders-Reed,Natalie Jackson,lanenicole@example.net,Port Anthonybury,Finland
421,Lewis-Simmons,Dr. Melissa Tucker,khanchristine@example.com,Shepherdbury,Palau
422,Stephens Inc,Kim Hunter,andersonlisa@example.com,New Jonathanmouth,United States Virgin Islands
423,Mcpherson Group,Cole Reyes,tharrison@example.net,Terrellchester,Somalia
424,"Cunningham, Hopkins and Gonzalez",Christopher Davis,brownchristine@example.com,Joanneport,North Macedonia
425,Ellis Ltd,John Richmond,perezbrandon@example.com,Judyland,Jamaica
426,"Jones, Garcia and Dalton",Christopher Sims,mlarson@example.com,West Markside,Georgia
427,Lewis LLC,Ryan Walker,wagnerarthur@example.org,North Daniel,Namibia
428,Thomas-Greer,Douglas Dean,john82@example.org,West Brian,Brazil
429,Martinez-Rangel,Melinda Turner,ccooper@example.org,Alexland,Barbados
430,"Taylor, Thomas and Olson",Rachel Berry,ubutler@example.org,South Lauraberg,Belgium
431,Riddle Ltd,Lisa Cowan,jordanmark@example.com,Mcneilmouth,Lao People's Democratic Republic
432,"Garcia, Harris and Mccoy",Alfred Martin,ryangreen@example.com,East Davidland,Tajikistan
433,Rodriguez Ltd,Aaron Butler,ashleysanchez@example.org,Lake Feliciaport,Northern Mariana Islands
434,Pittman-Noble,Miss Amber Simon,claudia70@example.net,Lake Caseyside,Zambia
435,"Wilkerson, Cline and Gross",Thomas Marshall,jacobstina@example.net,Cherylport,Papua New Guinea
436,Walker Group,Christopher Chavez,victoria70@example.net,Port Stacietown,Maldives
437,"Townsend, Hobbs and Edwards",Alexis Smith,zperez@example.com,Jeffhaven,Cuba
438,"Barnes, George and Knight",Erin Barnett,hwhite@example.com,East Julietown,Norfolk Island
439,Ruiz Group,Andre Bennett,vdurham@example.net,Lake Susanview,Mauritius
440,Rivera-Taylor,Christine Vaughn,yguerra@example.com,Kennethtown,Western Sahara
441,Berger-Burns,Jeffery Lee,kyle32@example.org,Kathrynview,Libyan Arab Jamahiriya
442,Ingram-Massey,Cheyenne Sandoval,joshuaburke@example.net,Lake Leah,Equatorial Guinea
443,Martinez-Sullivan,Lynn Taylor,tdunn@example.org,Dianefurt,Libyan Arab Jamahiriya
444,Williams-Campbell,Christopher Park,amills@example.net,South Haleymouth,Svalbard & Jan Mayen Islands
445,Edwards and Sons,Victoria Allen,imiller@example.net,Port Jessica,Wallis and Futuna
446,Haynes-Williams,Christopher Garcia,aellis@example.org,Vickietown,Saint Martin
447,Mendoza PLC,Jermaine Ellis,anthonydavis@example.com,Hayleyhaven,Singapore
448,"Callahan, Price and Byrd",Courtney White,johnfleming@example.com,South Andrealand,Aruba
449,Thompson-Flynn,Ryan Black,diana36@example.net,New Samuelmouth,Turkmenistan
450,Sexton Ltd,Laura Morris,kevintaylor@example.com,Robinview,Luxembourg
451,"Hernandez, Miller and Freeman",Brian Pierce,kristinelson@example.net,New Phyllismouth,Kyrgyz Republic
452,Stafford Group,Lydia Hill,dacosta@example.net,Alexandermouth,Seychelles
453,Tyler-Gardner,Heather Carroll,amorse@example.net,Colemanbury,Dominican Republic
454,Mitchell-Suarez,James Harvey,michaelrodriguez@example.net,Dawnfurt,Taiwan
455,Joseph-Thompson,Daniel Mack DDS,meyersrobert@example.net,Lake Brittney,Zimbabwe
456,Jordan PLC,Kayla Williams,chapmantiffany@example.org,North Hannahbury,Namibia
457,Chavez Group,Maxwell Scott,wrightlaurie@example.com,Salinasville,Kiribati
458,Hunter Group,Gary Gould,leslie78@example.org,Michaelbury,Guernsey
459,"Johnston, Edwards and Ford",Debra Carlson DDS,fisherlatoya@example.com,East Donna,Mozambique
460,"Hernandez, Wood and Benitez",Deborah Holloway,jennifer48@example.net,Amandaberg,Holy See (Vatican City State)
461,"Rivera, Sparks and Davis",Brian Reed,roger63@example.com,West Nicholasborough,Palestinian Territory
462,Santos-Stevenson,Mary Hall,sblankenship@example.org,Leahland,Kuwait
463,"Pacheco, Hutchinson and Rojas",Todd Shields,whiteamber@example.net,Gilbertton,Libyan Arab Jamahiriya
464,Coleman Group,Scott Ferguson,joann04@example.net,North Kelly,Dominican Republic
465,"Flowers, Smith and Robles",Gary Gamble,jimmywatkins@example.net,Lake Aaronfort,Isle of Man
466,Fitzgerald-Butler,Patrick Thompson,patrick82@example.org,Port Donna,Afghanistan
467,Hull-Hubbard,Sarah Bird,jdonaldson@example.net,Jonesland,Argentina
468,Wilson Ltd,Becky Yang,vjackson@example.net,East Morganville,British Indian Ocean Territory (Chagos Archipelago)
469,Hernandez-Mccann,Daniel Gutierrez,martin63@example.com,East Candice,Antarctica (the territory South of 60 deg S)
470,Guzman Group,Alyssa Moss,darrellluna@example.net,Jonesville,Seychelles
471,Sullivan-Jones,Kenneth Harrell,charles88@example.com,Butlerborough,Uzbekistan
472,Parker PLC,Joseph Wells,ogreen@example.org,Cherrystad,Sierra Leone
473,"Ruiz, Joseph and Wyatt",Brian Zimmerman,yodonnell@example.net,New Courtneyside,French Southern Territories
474,Glenn Ltd,Mrs. Chloe Blanchard,connie82@example.net,Nicholasborough,Kyrgyz Republic
475,Wells-Romero,Thomas Haney,csalazar@example.org,East Alex,Myanmar
476,Parker Group,Shari Olson,bradleymartin@example.org,North Jamesview,Cyprus
477,Rollins-Dean,Joseph Brooks,loriburton@example.org,Robertbury,Guyana
478,"Jimenez, Petersen and Wheeler",Douglas Webster,kevin83@example.org,Conradfort,Senegal
479,"Perkins, Guzman and Green",Daniel Miller,david54@example.net,Larrybury,Namibia
480,"Mendoza, Hutchinson and Bautista",Gabriela Jones,kmolina@example.com,New Kimberlyport,Namibia
481,"Lewis, Taylor and Bruce",Carrie Keller,debrazamora@example.net,Kristinborough,Lao People's Democratic Republic
482,Garrett-Jones,Paul Moran,rachel71@example.com,Burnsmouth,Sweden
483,Robertson-Vaughn,Samuel Pratt,mserrano@example.com,Mckenzieton,British Virgin Islands
484,"Roberts, Clarke and Campos",Sharon Armstrong,isabellacooper@example.org,West Elizabethtown,Burkina Faso
485,Reynolds-Knight,Katherine Thomas,angelica01@example.com,Harrisside,Panama
486,Briggs-Fisher,Amy Grimes,alipaul@example.com,Lopezburgh,Comoros
487,"Long, Vaughan and Mcmahon",Michael Taylor,kelseypatton@example.net,Erinmouth,Hungary
488,"Pacheco, Ruiz and Roberts",Connie Jackson,meltonmonica@example.com,Woodsborough,Bulgaria
489,"Odom, Le and Hebert",Spencer Moran,lindsay63@example.net,Port Jamie,Saint Pierre and Miquelon
490,Stone Ltd,Lucas Melton,mwebster@example.net,Callahanberg,Thailand
491,Castro-Marquez,Anne Davis,peterweiss@example.org,North Courtney,Serbia
492,Jones-Rodriguez,Mary Daniel,jason20@example.net,Kevinshire,United Kingdom
493,"Manning, Little and Williams",Meagan Haynes,thunt@example.net,Kruegermouth,Saint Martin
494,"Walsh, Davenport and Garcia",Courtney Myers,dkennedy@example.com,New Michael,Dominican Republic
495,Hawkins PLC,Autumn Lopez,anthonyramsey@example.org,East Teresatown,Saint Vincent and the Grenadines
496,"Brown, Moreno and Caldwell",Erik Adkins,diane72@example.com,Justinshire,Cuba
497,Shah-Donovan,Phillip Burgess,mhardin@example.com,Ashleychester,Chile
498,"Simon, Wilson and Payne",Brandon Nguyen,douglas21@example.net,Alyssabury,Greenland
499,"Simmons, Jackson and Gonzalez",Heather Mejia,rossdavid@example.net,New Roger,Wallis and Futuna
500,Gonzalez Inc,Peter Brown,allenhenry@example.net,New Ronald,Djibouti
